qid,remove_index,remove_rank,positive_add_index,positive_add_rank,positive_add_title,negative_add_index,negative_add_rank,negative_add_title,negative_type,positive_after_objective,negative_after_objective
551e024408a611ebbd7fac1f6bf848b6,3,4,7,8,Frank Launder,8,9,Luke Goss,lexical_hard_negative,"[1.0, 1.0, 4.0, 1.0, -0.0]","[0.0, 0.75, 3.0, 1.0, -1.0]"
551e024408a611ebbd7fac1f6bf848b6,4,5,7,8,Frank Launder,8,9,Luke Goss,lexical_hard_negative,"[1.0, 1.0, 4.0, 1.0, -0.0]","[0.0, 0.75, 3.0, 1.0, -1.0]"
006d81bc0bde11eba7f7acde48001122,1,2,5,6,Ryan Adams,16,17,King of the Wild Horses,lexical_hard_negative,"[1.0, 1.0, 2.0, 1.0, -0.0]","[0.0, 0.5, 1.0, 1.0, -1.0]"
006d81bc0bde11eba7f7acde48001122,2,3,5,6,Ryan Adams,16,17,King of the Wild Horses,lexical_hard_negative,"[1.0, 1.0, 2.0, 1.0, -0.0]","[0.0, 0.5, 1.0, 1.0, -1.0]"
006d81bc0bde11eba7f7acde48001122,3,4,5,6,Ryan Adams,16,17,King of the Wild Horses,lexical_hard_negative,"[1.0, 1.0, 2.0, 1.0, -0.0]","[0.0, 0.5, 1.0, 1.0, -1.0]"
006d81bc0bde11eba7f7acde48001122,4,5,5,6,Ryan Adams,16,17,King of the Wild Horses,lexical_hard_negative,"[1.0, 1.0, 2.0, 1.0, -0.0]","[0.0, 0.5, 1.0, 1.0, -1.0]"
3ce92df80bde11eba7f7acde48001122,1,2,5,6,David Bradley (director),6,7,The Silent Stranger,lexical_hard_negative,"[1.0, 1.0, 2.0, 1.0, -0.0]","[0.0, 0.5, 1.0, 1.0, -1.0]"
3ce92df80bde11eba7f7acde48001122,2,3,5,6,David Bradley (director),6,7,The Silent Stranger,lexical_hard_negative,"[1.0, 1.0, 2.0, 1.0, -0.0]","[0.0, 0.5, 1.0, 1.0, -1.0]"
3ce92df80bde11eba7f7acde48001122,3,4,5,6,David Bradley (director),6,7,The Silent Stranger,lexical_hard_negative,"[1.0, 1.0, 2.0, 1.0, -0.0]","[0.0, 0.5, 1.0, 1.0, -1.0]"
3ce92df80bde11eba7f7acde48001122,4,5,5,6,David Bradley (director),6,7,The Silent Stranger,lexical_hard_negative,"[1.0, 1.0, 2.0, 1.0, -0.0]","[0.0, 0.5, 1.0, 1.0, -1.0]"
49b22d0a0bde11eba7f7acde48001122,1,2,15,16,Isaac Schwartz,5,6,Oscar Straus (composer),lexical_hard_negative,"[1.0, 1.0, 2.0, 1.0, -0.0]","[0.0, 0.5, 1.0, 1.0, -1.0]"
49b22d0a0bde11eba7f7acde48001122,2,3,15,16,Isaac Schwartz,5,6,Oscar Straus (composer),lexical_hard_negative,"[1.0, 1.0, 2.0, 1.0, -0.0]","[0.0, 0.5, 1.0, 1.0, -1.0]"
49b22d0a0bde11eba7f7acde48001122,3,4,15,16,Isaac Schwartz,5,6,Oscar Straus (composer),lexical_hard_negative,"[1.0, 1.0, 2.0, 1.0, -0.0]","[0.0, 0.5, 1.0, 1.0, -1.0]"
49b22d0a0bde11eba7f7acde48001122,4,5,15,16,Isaac Schwartz,5,6,Oscar Straus (composer),lexical_hard_negative,"[1.0, 1.0, 2.0, 1.0, -0.0]","[0.0, 0.5, 1.0, 1.0, -1.0]"
0083038e0bde11eba7f7acde48001122,1,2,6,7,Infanta María de la Paz of Spain,5,6,Infanta Blanca of Spain,lexical_hard_negative,"[1.0, 1.0, 2.0, 1.0, -0.0]","[0.0, 0.5, 1.0, 1.0, -1.0]"
0083038e0bde11eba7f7acde48001122,2,3,6,7,Infanta María de la Paz of Spain,5,6,Infanta Blanca of Spain,lexical_hard_negative,"[1.0, 1.0, 2.0, 1.0, -0.0]","[0.0, 0.5, 1.0, 1.0, -1.0]"
0083038e0bde11eba7f7acde48001122,3,4,6,7,Infanta María de la Paz of Spain,5,6,Infanta Blanca of Spain,lexical_hard_negative,"[1.0, 1.0, 2.0, 1.0, -0.0]","[0.0, 0.5, 1.0, 1.0, -1.0]"
0083038e0bde11eba7f7acde48001122,4,5,6,7,Infanta María de la Paz of Spain,5,6,Infanta Blanca of Spain,lexical_hard_negative,"[1.0, 1.0, 2.0, 1.0, -0.0]","[0.0, 0.5, 1.0, 1.0, -1.0]"
3ab846860bde11eba7f7acde48001122,1,2,12,13,William Axt,5,6,Possession (1922 film),lexical_hard_negative,"[1.0, 1.0, 2.0, 1.0, -0.0]","[0.0, 0.5, 1.0, 1.0, -1.0]"
3ab846860bde11eba7f7acde48001122,2,3,12,13,William Axt,5,6,Possession (1922 film),lexical_hard_negative,"[1.0, 1.0, 2.0, 1.0, -0.0]","[0.0, 0.5, 1.0, 1.0, -1.0]"
3ab846860bde11eba7f7acde48001122,3,4,12,13,William Axt,5,6,Possession (1922 film),lexical_hard_negative,"[1.0, 1.0, 2.0, 1.0, -0.0]","[0.0, 0.5, 1.0, 1.0, -1.0]"
3ab846860bde11eba7f7acde48001122,4,5,12,13,William Axt,5,6,Possession (1922 film),lexical_hard_negative,"[1.0, 1.0, 2.0, 1.0, -0.0]","[0.0, 0.5, 1.0, 1.0, -1.0]"
0016373a0bda11eba7f7acde48001122,1,2,12,13,Louis the Junker,5,6,Adelaide of Hesse,lexical_hard_negative,"[1.0, 1.0, 2.0, 1.0, -0.0]","[0.0, 0.5, 1.0, 1.0, -1.0]"
0016373a0bda11eba7f7acde48001122,2,3,12,13,Louis the Junker,5,6,Adelaide of Hesse,lexical_hard_negative,"[1.0, 1.0, 2.0, 1.0, -0.0]","[0.0, 0.5, 1.0, 1.0, -1.0]"
0016373a0bda11eba7f7acde48001122,3,4,12,13,Louis the Junker,5,6,Adelaide of Hesse,lexical_hard_negative,"[1.0, 1.0, 2.0, 1.0, -0.0]","[0.0, 0.5, 1.0, 1.0, -1.0]"
0016373a0bda11eba7f7acde48001122,4,5,12,13,Louis the Junker,5,6,Adelaide of Hesse,lexical_hard_negative,"[1.0, 1.0, 2.0, 1.0, -0.0]","[0.0, 0.5, 1.0, 1.0, -1.0]"
49ccfdfa08ce11ebbd94ac1f6bf848b6,0,1,6,7,Amira & Sam,7,8,Sam Wood,lexical_hard_negative,"[0.0, 0.5, 2.0, 0.6666666666666666, -0.0]","[0.0, 0.25, 1.0, 0.3333333333333333, -1.0]"
49ccfdfa08ce11ebbd94ac1f6bf848b6,0,1,17,18,Sean Mullin,7,8,Sam Wood,lexical_hard_negative,"[0.0, 0.5, 2.0, 1.0, -0.0]","[0.0, 0.25, 1.0, 0.3333333333333333, -1.0]"
49ccfdfa08ce11ebbd94ac1f6bf848b6,1,2,6,7,Amira & Sam,7,8,Sam Wood,lexical_hard_negative,"[0.0, 0.5, 2.0, 0.6666666666666666, -0.0]","[0.0, 0.25, 1.0, 0.3333333333333333, -1.0]"
49ccfdfa08ce11ebbd94ac1f6bf848b6,1,2,17,18,Sean Mullin,7,8,Sam Wood,lexical_hard_negative,"[0.0, 0.5, 2.0, 1.0, -0.0]","[0.0, 0.25, 1.0, 0.3333333333333333, -1.0]"
49ccfdfa08ce11ebbd94ac1f6bf848b6,2,3,6,7,Amira & Sam,7,8,Sam Wood,lexical_hard_negative,"[0.0, 0.75, 3.0, 0.6666666666666666, -0.0]","[0.0, 0.5, 2.0, 0.3333333333333333, -1.0]"
49ccfdfa08ce11ebbd94ac1f6bf848b6,2,3,17,18,Sean Mullin,7,8,Sam Wood,lexical_hard_negative,"[0.0, 0.75, 3.0, 1.0, -0.0]","[0.0, 0.5, 2.0, 0.3333333333333333, -1.0]"
49ccfdfa08ce11ebbd94ac1f6bf848b6,3,4,6,7,Amira & Sam,7,8,Sam Wood,lexical_hard_negative,"[0.0, 0.75, 3.0, 0.6666666666666666, -0.0]","[0.0, 0.5, 2.0, 0.3333333333333333, -1.0]"
49ccfdfa08ce11ebbd94ac1f6bf848b6,3,4,17,18,Sean Mullin,7,8,Sam Wood,lexical_hard_negative,"[0.0, 0.75, 3.0, 1.0, -0.0]","[0.0, 0.5, 2.0, 0.3333333333333333, -1.0]"
49ccfdfa08ce11ebbd94ac1f6bf848b6,4,5,6,7,Amira & Sam,7,8,Sam Wood,lexical_hard_negative,"[0.0, 0.75, 3.0, 0.6666666666666666, -0.0]","[0.0, 0.5, 2.0, 0.3333333333333333, -1.0]"
49ccfdfa08ce11ebbd94ac1f6bf848b6,4,5,17,18,Sean Mullin,7,8,Sam Wood,lexical_hard_negative,"[0.0, 0.75, 3.0, 1.0, -0.0]","[0.0, 0.5, 2.0, 0.3333333333333333, -1.0]"
f04cc9b408d611ebbd99ac1f6bf848b6,1,2,5,6,Kim Ki-young,6,7,Ultimo tango a Zagarol,lexical_hard_negative,"[1.0, 1.0, 4.0, 1.0, -0.0]","[0.0, 0.75, 3.0, 1.0, -1.0]"
f04cc9b408d611ebbd99ac1f6bf848b6,4,5,5,6,Kim Ki-young,6,7,Ultimo tango a Zagarol,lexical_hard_negative,"[1.0, 1.0, 4.0, 1.0, -0.0]","[0.0, 0.75, 3.0, 1.0, -1.0]"
755fdd7c08a411ebbd7cac1f6bf848b6,3,4,11,12,Bahram Beyzai,5,6,Elliot Silverstein,lexical_hard_negative,"[1.0, 1.0, 4.0, 1.0, -0.0]","[0.0, 0.75, 3.0, 1.0, -1.0]"
755fdd7c08a411ebbd7cac1f6bf848b6,4,5,11,12,Bahram Beyzai,5,6,Elliot Silverstein,lexical_hard_negative,"[1.0, 1.0, 4.0, 1.0, -0.0]","[0.0, 0.75, 3.0, 1.0, -1.0]"
94198d580bb011ebab90acde48001122,0,1,9,10,"William II, Count of Flanders",5,6,"Rotrou IV, Count of Perche",lexical_hard_negative,"[0.0, 0.5, 1.0, 1.0, -0.0]","[0.0, 0.0, 0.0, 0.0, -1.0]"
94198d580bb011ebab90acde48001122,0,1,12,13,William II of Dampierre,5,6,"Rotrou IV, Count of Perche",lexical_hard_negative,"[0.0, 0.5, 1.0, 1.0, -0.0]","[0.0, 0.0, 0.0, 0.0, -1.0]"
94198d580bb011ebab90acde48001122,1,2,9,10,"William II, Count of Flanders",5,6,"Rotrou IV, Count of Perche",lexical_hard_negative,"[0.0, 0.5, 1.0, 1.0, -0.0]","[0.0, 0.0, 0.0, 0.0, -1.0]"
94198d580bb011ebab90acde48001122,1,2,12,13,William II of Dampierre,5,6,"Rotrou IV, Count of Perche",lexical_hard_negative,"[0.0, 0.5, 1.0, 1.0, -0.0]","[0.0, 0.0, 0.0, 0.0, -1.0]"
94198d580bb011ebab90acde48001122,2,3,9,10,"William II, Count of Flanders",5,6,"Rotrou IV, Count of Perche",lexical_hard_negative,"[0.0, 0.5, 1.0, 1.0, -0.0]","[0.0, 0.0, 0.0, 0.0, -1.0]"
94198d580bb011ebab90acde48001122,2,3,12,13,William II of Dampierre,5,6,"Rotrou IV, Count of Perche",lexical_hard_negative,"[0.0, 0.5, 1.0, 1.0, -0.0]","[0.0, 0.0, 0.0, 0.0, -1.0]"
94198d580bb011ebab90acde48001122,3,4,9,10,"William II, Count of Flanders",5,6,"Rotrou IV, Count of Perche",lexical_hard_negative,"[0.0, 0.5, 1.0, 1.0, -0.0]","[0.0, 0.0, 0.0, 0.0, -1.0]"
94198d580bb011ebab90acde48001122,3,4,12,13,William II of Dampierre,5,6,"Rotrou IV, Count of Perche",lexical_hard_negative,"[0.0, 0.5, 1.0, 1.0, -0.0]","[0.0, 0.0, 0.0, 0.0, -1.0]"
94198d580bb011ebab90acde48001122,4,5,9,10,"William II, Count of Flanders",5,6,"Rotrou IV, Count of Perche",lexical_hard_negative,"[0.0, 0.5, 1.0, 1.0, -0.0]","[0.0, 0.0, 0.0, 0.0, -1.0]"
94198d580bb011ebab90acde48001122,4,5,12,13,William II of Dampierre,5,6,"Rotrou IV, Count of Perche",lexical_hard_negative,"[0.0, 0.5, 1.0, 1.0, -0.0]","[0.0, 0.0, 0.0, 0.0, -1.0]"
7efb04e708a011ebbd78ac1f6bf848b6,0,1,6,7,Satyajit Ray,12,13,Srijit Mukherji,lexical_hard_negative,"[0.0, 0.75, 3.0, 1.0, -0.0]","[0.0, 0.5, 2.0, 0.6666666666666666, -1.0]"
7efb04e708a011ebbd78ac1f6bf848b6,1,2,6,7,Satyajit Ray,12,13,Srijit Mukherji,lexical_hard_negative,"[0.0, 0.75, 3.0, 1.0, -0.0]","[0.0, 0.5, 2.0, 0.6666666666666666, -1.0]"
7efb04e708a011ebbd78ac1f6bf848b6,2,3,6,7,Satyajit Ray,12,13,Srijit Mukherji,lexical_hard_negative,"[0.0, 0.75, 3.0, 1.0, -0.0]","[0.0, 0.5, 2.0, 0.6666666666666666, -1.0]"
7efb04e708a011ebbd78ac1f6bf848b6,3,4,6,7,Satyajit Ray,12,13,Srijit Mukherji,lexical_hard_negative,"[1.0, 1.0, 4.0, 1.0, -0.0]","[0.0, 0.75, 3.0, 0.6666666666666666, -1.0]"
7efb04e708a011ebbd78ac1f6bf848b6,4,5,6,7,Satyajit Ray,12,13,Srijit Mukherji,lexical_hard_negative,"[1.0, 1.0, 4.0, 1.0, -0.0]","[0.0, 0.75, 3.0, 0.6666666666666666, -1.0]"
96b7c1a60bdd11eba7f7acde48001122,1,2,14,15,Berengaria of Barcelona,5,6,"Beatrice of Navarre, Countess of La Marche",lexical_hard_negative,"[1.0, 1.0, 2.0, 1.0, -0.0]","[0.0, 0.5, 1.0, 1.0, -1.0]"
96b7c1a60bdd11eba7f7acde48001122,2,3,14,15,Berengaria of Barcelona,5,6,"Beatrice of Navarre, Countess of La Marche",lexical_hard_negative,"[1.0, 1.0, 2.0, 1.0, -0.0]","[0.0, 0.5, 1.0, 1.0, -1.0]"
96b7c1a60bdd11eba7f7acde48001122,3,4,14,15,Berengaria of Barcelona,5,6,"Beatrice of Navarre, Countess of La Marche",lexical_hard_negative,"[1.0, 1.0, 2.0, 1.0, -0.0]","[0.0, 0.5, 1.0, 1.0, -1.0]"
96b7c1a60bdd11eba7f7acde48001122,4,5,14,15,Berengaria of Barcelona,5,6,"Beatrice of Navarre, Countess of La Marche",lexical_hard_negative,"[1.0, 1.0, 2.0, 1.0, -0.0]","[0.0, 0.5, 1.0, 1.0, -1.0]"
095c87880bdd11eba7f7acde48001122,1,2,8,9,Harun al-Rashid,12,13,'Adud al-Dawla,lexical_hard_negative,"[1.0, 1.0, 2.0, 1.0, -0.0]","[0.0, 0.5, 1.0, 1.0, -1.0]"
095c87880bdd11eba7f7acde48001122,2,3,8,9,Harun al-Rashid,12,13,'Adud al-Dawla,lexical_hard_negative,"[1.0, 1.0, 2.0, 1.0, -0.0]","[0.0, 0.5, 1.0, 1.0, -1.0]"
095c87880bdd11eba7f7acde48001122,3,4,8,9,Harun al-Rashid,12,13,'Adud al-Dawla,lexical_hard_negative,"[1.0, 1.0, 2.0, 1.0, -0.0]","[0.0, 0.5, 1.0, 1.0, -1.0]"
095c87880bdd11eba7f7acde48001122,4,5,8,9,Harun al-Rashid,12,13,'Adud al-Dawla,lexical_hard_negative,"[1.0, 1.0, 2.0, 1.0, -0.0]","[0.0, 0.5, 1.0, 1.0, -1.0]"
ee212a820bdc11eba7f7acde48001122,0,1,11,12,Charles Maigne,5,6,The Trail of the Lonesome Pine (song),lexical_hard_negative,"[1.0, 1.0, 2.0, 1.0, -0.0]","[0.0, 0.5, 1.0, 1.0, -1.0]"
ee212a820bdc11eba7f7acde48001122,1,2,11,12,Charles Maigne,5,6,The Trail of the Lonesome Pine (song),lexical_hard_negative,"[1.0, 1.0, 2.0, 1.0, -0.0]","[0.0, 0.5, 1.0, 1.0, -1.0]"
ee212a820bdc11eba7f7acde48001122,2,3,11,12,Charles Maigne,5,6,The Trail of the Lonesome Pine (song),lexical_hard_negative,"[1.0, 1.0, 2.0, 1.0, -0.0]","[0.0, 0.5, 1.0, 1.0, -1.0]"
ee212a820bdc11eba7f7acde48001122,4,5,11,12,Charles Maigne,5,6,The Trail of the Lonesome Pine (song),lexical_hard_negative,"[1.0, 1.0, 2.0, 1.0, -0.0]","[0.0, 0.5, 1.0, 1.0, -1.0]"
5f2bb1060bd911eba7f7acde48001122,1,2,5,6,Florence Jaugey,6,7,José Luis Cuerda,lexical_hard_negative,"[1.0, 1.0, 2.0, 1.0, -0.0]","[0.0, 0.5, 1.0, 1.0, -1.0]"
5f2bb1060bd911eba7f7acde48001122,2,3,5,6,Florence Jaugey,6,7,José Luis Cuerda,lexical_hard_negative,"[1.0, 1.0, 2.0, 1.0, -0.0]","[0.0, 0.5, 1.0, 1.0, -1.0]"
5f2bb1060bd911eba7f7acde48001122,3,4,5,6,Florence Jaugey,6,7,José Luis Cuerda,lexical_hard_negative,"[1.0, 1.0, 2.0, 1.0, -0.0]","[0.0, 0.5, 1.0, 1.0, -1.0]"
5f2bb1060bd911eba7f7acde48001122,4,5,5,6,Florence Jaugey,6,7,José Luis Cuerda,lexical_hard_negative,"[1.0, 1.0, 2.0, 1.0, -0.0]","[0.0, 0.5, 1.0, 1.0, -1.0]"
6a4840d608dc11ebbd9cac1f6bf848b6,1,2,17,18,Raj Kanwar,6,7,Chaowa Pawa (2009 film),lexical_hard_negative,"[1.0, 1.0, 4.0, 1.0, -0.0]","[0.0, 0.75, 3.0, 1.0, -1.0]"
6a4840d608dc11ebbd9cac1f6bf848b6,2,3,17,18,Raj Kanwar,6,7,Chaowa Pawa (2009 film),lexical_hard_negative,"[1.0, 1.0, 4.0, 1.0, -0.0]","[0.0, 0.75, 3.0, 1.0, -1.0]"
8540ae66088011ebbd6cac1f6bf848b6,0,1,5,6,Harold D. Schuster,7,8,Vera Miles,lexical_hard_negative,"[0.0, 0.5, 2.0, 1.0, -0.0]","[0.0, 0.25, 1.0, 0.3333333333333333, -1.0]"
8540ae66088011ebbd6cac1f6bf848b6,2,3,5,6,Harold D. Schuster,7,8,Vera Miles,lexical_hard_negative,"[0.0, 0.75, 3.0, 1.0, -0.0]","[0.0, 0.5, 2.0, 0.6666666666666666, -1.0]"
8540ae66088011ebbd6cac1f6bf848b6,2,3,6,7,William Friedkin,7,8,Vera Miles,lexical_hard_negative,"[0.0, 0.75, 3.0, 0.6666666666666666, -0.0]","[0.0, 0.5, 2.0, 0.6666666666666666, -1.0]"
8540ae66088011ebbd6cac1f6bf848b6,3,4,5,6,Harold D. Schuster,7,8,Vera Miles,lexical_hard_negative,"[0.0, 0.75, 3.0, 1.0, -0.0]","[0.0, 0.5, 2.0, 0.6666666666666666, -1.0]"
8540ae66088011ebbd6cac1f6bf848b6,3,4,6,7,William Friedkin,7,8,Vera Miles,lexical_hard_negative,"[0.0, 0.75, 3.0, 0.6666666666666666, -0.0]","[0.0, 0.5, 2.0, 0.6666666666666666, -1.0]"
8540ae66088011ebbd6cac1f6bf848b6,4,5,5,6,Harold D. Schuster,7,8,Vera Miles,lexical_hard_negative,"[0.0, 0.75, 3.0, 1.0, -0.0]","[0.0, 0.5, 2.0, 0.6666666666666666, -1.0]"
8540ae66088011ebbd6cac1f6bf848b6,4,5,6,7,William Friedkin,7,8,Vera Miles,lexical_hard_negative,"[0.0, 0.75, 3.0, 0.6666666666666666, -0.0]","[0.0, 0.5, 2.0, 0.6666666666666666, -1.0]"
a8a18e800bdb11eba7f7acde48001122,1,2,7,8,M. B. Sreenivasan,5,6,Deva (composer),lexical_hard_negative,"[1.0, 1.0, 2.0, 1.0, -0.0]","[0.0, 0.5, 1.0, 1.0, -1.0]"
a8a18e800bdb11eba7f7acde48001122,2,3,7,8,M. B. Sreenivasan,5,6,Deva (composer),lexical_hard_negative,"[1.0, 1.0, 2.0, 1.0, -0.0]","[0.0, 0.5, 1.0, 1.0, -1.0]"
a8a18e800bdb11eba7f7acde48001122,3,4,7,8,M. B. Sreenivasan,5,6,Deva (composer),lexical_hard_negative,"[1.0, 1.0, 2.0, 1.0, -0.0]","[0.0, 0.5, 1.0, 1.0, -1.0]"
a8a18e800bdb11eba7f7acde48001122,4,5,7,8,M. B. Sreenivasan,5,6,Deva (composer),lexical_hard_negative,"[1.0, 1.0, 2.0, 1.0, -0.0]","[0.0, 0.5, 1.0, 1.0, -1.0]"
5037e45b08cb11ebbd92ac1f6bf848b6,1,2,19,20,Karl Maka,6,7,Jonathan Demme,lexical_hard_negative,"[1.0, 1.0, 4.0, 1.0, -0.0]","[0.0, 0.75, 3.0, 1.0, -1.0]"
5037e45b08cb11ebbd92ac1f6bf848b6,4,5,19,20,Karl Maka,6,7,Jonathan Demme,lexical_hard_negative,"[1.0, 1.0, 4.0, 1.0, -0.0]","[0.0, 0.75, 3.0, 1.0, -1.0]"
1bb1993c0bb011ebab90acde48001122,1,2,5,6,Al-Walid I,6,7,Abd al-Muttalib,lexical_hard_negative,"[1.0, 1.0, 2.0, 1.0, -0.0]","[0.0, 0.5, 1.0, 1.0, -1.0]"
1bb1993c0bb011ebab90acde48001122,2,3,5,6,Al-Walid I,6,7,Abd al-Muttalib,lexical_hard_negative,"[1.0, 1.0, 2.0, 1.0, -0.0]","[0.0, 0.5, 1.0, 1.0, -1.0]"
1bb1993c0bb011ebab90acde48001122,3,4,5,6,Al-Walid I,6,7,Abd al-Muttalib,lexical_hard_negative,"[1.0, 1.0, 2.0, 1.0, -0.0]","[0.0, 0.5, 1.0, 1.0, -1.0]"
1bb1993c0bb011ebab90acde48001122,4,5,5,6,Al-Walid I,6,7,Abd al-Muttalib,lexical_hard_negative,"[1.0, 1.0, 2.0, 1.0, -0.0]","[0.0, 0.5, 1.0, 1.0, -1.0]"
ac1b9ee108b911ebbd88ac1f6bf848b6,0,1,5,6,Lisbeth Cathrine Amalie Rose,10,11,Princess Charlotte Amalie of Denmark,lexical_hard_negative,"[0.0, 0.5, 1.0, 1.0, -0.0]","[0.0, 0.0, 0.0, 0.0, -1.0]"
ac1b9ee108b911ebbd88ac1f6bf848b6,1,2,5,6,Lisbeth Cathrine Amalie Rose,10,11,Princess Charlotte Amalie of Denmark,lexical_hard_negative,"[1.0, 1.0, 2.0, 1.0, -0.0]","[0.0, 0.5, 1.0, 0.0, -1.0]"
ac1b9ee108b911ebbd88ac1f6bf848b6,2,3,5,6,Lisbeth Cathrine Amalie Rose,10,11,Princess Charlotte Amalie of Denmark,lexical_hard_negative,"[1.0, 1.0, 2.0, 1.0, -0.0]","[0.0, 0.5, 1.0, 0.0, -1.0]"
ac1b9ee108b911ebbd88ac1f6bf848b6,3,4,5,6,Lisbeth Cathrine Amalie Rose,10,11,Princess Charlotte Amalie of Denmark,lexical_hard_negative,"[1.0, 1.0, 2.0, 1.0, -0.0]","[0.0, 0.5, 1.0, 0.0, -1.0]"
ac1b9ee108b911ebbd88ac1f6bf848b6,4,5,5,6,Lisbeth Cathrine Amalie Rose,10,11,Princess Charlotte Amalie of Denmark,lexical_hard_negative,"[1.0, 1.0, 2.0, 1.0, -0.0]","[0.0, 0.5, 1.0, 0.0, -1.0]"
29524701085711ebbd5aac1f6bf848b6,0,1,6,7,Victor Sjöström,5,6,Ingmar Bergman,lexical_hard_negative,"[0.0, 0.75, 3.0, 1.0, -0.0]","[0.0, 0.5, 2.0, 0.6666666666666666, -1.0]"
29524701085711ebbd5aac1f6bf848b6,1,2,6,7,Victor Sjöström,5,6,Ingmar Bergman,lexical_hard_negative,"[0.0, 0.75, 3.0, 1.0, -0.0]","[0.0, 0.5, 2.0, 0.6666666666666666, -1.0]"
29524701085711ebbd5aac1f6bf848b6,2,3,6,7,Victor Sjöström,5,6,Ingmar Bergman,lexical_hard_negative,"[1.0, 1.0, 4.0, 1.0, -0.0]","[0.0, 0.75, 3.0, 0.6666666666666666, -1.0]"
29524701085711ebbd5aac1f6bf848b6,3,4,6,7,Victor Sjöström,5,6,Ingmar Bergman,lexical_hard_negative,"[0.0, 0.75, 3.0, 1.0, -0.0]","[0.0, 0.5, 2.0, 0.6666666666666666, -1.0]"
29524701085711ebbd5aac1f6bf848b6,4,5,6,7,Victor Sjöström,5,6,Ingmar Bergman,lexical_hard_negative,"[1.0, 1.0, 4.0, 1.0, -0.0]","[0.0, 0.75, 3.0, 0.6666666666666666, -1.0]"
f6ac1b13089e11ebbd78ac1f6bf848b6,1,2,10,11,James L. Robinson,8,9,List of people named O'Grady,lexical_hard_negative,"[1.0, 1.0, 2.0, 1.0, -0.0]","[0.0, 0.5, 1.0, 1.0, -1.0]"
f6ac1b13089e11ebbd78ac1f6bf848b6,2,3,10,11,James L. Robinson,8,9,List of people named O'Grady,lexical_hard_negative,"[1.0, 1.0, 2.0, 1.0, -0.0]","[0.0, 0.5, 1.0, 1.0, -1.0]"
f6ac1b13089e11ebbd78ac1f6bf848b6,3,4,10,11,James L. Robinson,8,9,List of people named O'Grady,lexical_hard_negative,"[1.0, 1.0, 2.0, 1.0, -0.0]","[0.0, 0.5, 1.0, 1.0, -1.0]"
f6ac1b13089e11ebbd78ac1f6bf848b6,4,5,10,11,James L. Robinson,8,9,List of people named O'Grady,lexical_hard_negative,"[1.0, 1.0, 2.0, 1.0, -0.0]","[0.0, 0.5, 1.0, 1.0, -1.0]"
74cb7e400bdb11eba7f7acde48001122,0,1,9,10,"Bogislaw XIII, Duke of Pomerania",5,6,Bridget of York,lexical_hard_negative,"[1.0, 1.0, 2.0, 1.0, -0.0]","[0.0, 0.5, 1.0, 1.0, -1.0]"
74cb7e400bdb11eba7f7acde48001122,2,3,9,10,"Bogislaw XIII, Duke of Pomerania",5,6,Bridget of York,lexical_hard_negative,"[1.0, 1.0, 2.0, 1.0, -0.0]","[0.0, 0.5, 1.0, 1.0, -1.0]"
74cb7e400bdb11eba7f7acde48001122,3,4,9,10,"Bogislaw XIII, Duke of Pomerania",5,6,Bridget of York,lexical_hard_negative,"[1.0, 1.0, 2.0, 1.0, -0.0]","[0.0, 0.5, 1.0, 1.0, -1.0]"
74cb7e400bdb11eba7f7acde48001122,4,5,9,10,"Bogislaw XIII, Duke of Pomerania",5,6,Bridget of York,lexical_hard_negative,"[1.0, 1.0, 2.0, 1.0, -0.0]","[0.0, 0.5, 1.0, 1.0, -1.0]"
95bf64480bdd11eba7f7acde48001122,1,2,8,9,"Mary of Burgundy, Duchess of Cleves",5,6,Anna van Bourgondië,lexical_hard_negative,"[1.0, 1.0, 2.0, 1.0, -0.0]","[0.0, 0.5, 1.0, 1.0, -1.0]"
95bf64480bdd11eba7f7acde48001122,2,3,8,9,"Mary of Burgundy, Duchess of Cleves",5,6,Anna van Bourgondië,lexical_hard_negative,"[1.0, 1.0, 2.0, 1.0, -0.0]","[0.0, 0.5, 1.0, 1.0, -1.0]"
95bf64480bdd11eba7f7acde48001122,3,4,8,9,"Mary of Burgundy, Duchess of Cleves",5,6,Anna van Bourgondië,lexical_hard_negative,"[1.0, 1.0, 2.0, 1.0, -0.0]","[0.0, 0.5, 1.0, 1.0, -1.0]"
95bf64480bdd11eba7f7acde48001122,4,5,8,9,"Mary of Burgundy, Duchess of Cleves",5,6,Anna van Bourgondië,lexical_hard_negative,"[1.0, 1.0, 2.0, 1.0, -0.0]","[0.0, 0.5, 1.0, 1.0, -1.0]"
48c0c6fa089011ebbd72ac1f6bf848b6,3,4,6,7,Daniel Lind Lagerlöf,7,8,Frank Borzage,lexical_hard_negative,"[1.0, 1.0, 4.0, 1.0, -0.0]","[0.0, 0.75, 3.0, 1.0, -1.0]"
48c0c6fa089011ebbd72ac1f6bf848b6,4,5,6,7,Daniel Lind Lagerlöf,7,8,Frank Borzage,lexical_hard_negative,"[1.0, 1.0, 4.0, 1.0, -0.0]","[0.0, 0.75, 3.0, 1.0, -1.0]"
cbb5ca82095411ebbdaeac1f6bf848b6,0,1,7,8,BMW M,5,6,RAE Systems,lexical_hard_negative,"[1.0, 1.0, 2.0, 1.0, -0.0]","[0.0, 0.5, 1.0, 1.0, -1.0]"
cbb5ca82095411ebbdaeac1f6bf848b6,2,3,7,8,BMW M,5,6,RAE Systems,lexical_hard_negative,"[1.0, 1.0, 2.0, 1.0, -0.0]","[0.0, 0.5, 1.0, 1.0, -1.0]"
cbb5ca82095411ebbdaeac1f6bf848b6,3,4,7,8,BMW M,5,6,RAE Systems,lexical_hard_negative,"[1.0, 1.0, 2.0, 1.0, -0.0]","[0.0, 0.5, 1.0, 0.0, -1.0]"
cbb5ca82095411ebbdaeac1f6bf848b6,4,5,7,8,BMW M,5,6,RAE Systems,lexical_hard_negative,"[1.0, 1.0, 2.0, 1.0, -0.0]","[0.0, 0.5, 1.0, 1.0, -1.0]"
61d018d8086011ebbd5dac1f6bf848b6,2,3,13,14,Ron Cobb,6,7,Rod Hardy,lexical_hard_negative,"[1.0, 1.0, 4.0, 1.0, -0.0]","[0.0, 0.75, 3.0, 1.0, -1.0]"
61d018d8086011ebbd5dac1f6bf848b6,4,5,13,14,Ron Cobb,6,7,Rod Hardy,lexical_hard_negative,"[1.0, 1.0, 4.0, 1.0, -0.0]","[0.0, 0.75, 3.0, 1.0, -1.0]"
b6e4474808a311ebbd7bac1f6bf848b6,3,4,17,18,Jerry Warren,5,6,Tom Harper (director),lexical_hard_negative,"[1.0, 1.0, 4.0, 1.0, -0.0]","[0.0, 0.75, 3.0, 1.0, -1.0]"
b6e4474808a311ebbd7bac1f6bf848b6,4,5,17,18,Jerry Warren,5,6,Tom Harper (director),lexical_hard_negative,"[1.0, 1.0, 4.0, 1.0, -0.0]","[0.0, 0.75, 3.0, 1.0, -1.0]"
079947de0baf11ebab90acde48001122,1,2,6,7,"Franz, Duke of Hohenberg",5,6,Princess Sophie of Hohenberg,lexical_hard_negative,"[1.0, 1.0, 2.0, 1.0, -0.0]","[0.0, 0.5, 1.0, 1.0, -1.0]"
079947de0baf11ebab90acde48001122,2,3,6,7,"Franz, Duke of Hohenberg",5,6,Princess Sophie of Hohenberg,lexical_hard_negative,"[1.0, 1.0, 2.0, 1.0, -0.0]","[0.0, 0.5, 1.0, 1.0, -1.0]"
079947de0baf11ebab90acde48001122,3,4,6,7,"Franz, Duke of Hohenberg",5,6,Princess Sophie of Hohenberg,lexical_hard_negative,"[1.0, 1.0, 2.0, 1.0, -0.0]","[0.0, 0.5, 1.0, 1.0, -1.0]"
079947de0baf11ebab90acde48001122,4,5,6,7,"Franz, Duke of Hohenberg",5,6,Princess Sophie of Hohenberg,lexical_hard_negative,"[1.0, 1.0, 2.0, 1.0, -0.0]","[0.0, 0.5, 1.0, 1.0, -1.0]"
3805416e0bde11eba7f7acde48001122,1,2,7,8,James Franco,5,6,Wojciech Has,lexical_hard_negative,"[1.0, 1.0, 2.0, 1.0, -0.0]","[0.0, 0.5, 1.0, 1.0, -1.0]"
3805416e0bde11eba7f7acde48001122,2,3,7,8,James Franco,5,6,Wojciech Has,lexical_hard_negative,"[1.0, 1.0, 2.0, 1.0, -0.0]","[0.0, 0.5, 1.0, 1.0, -1.0]"
3805416e0bde11eba7f7acde48001122,3,4,7,8,James Franco,5,6,Wojciech Has,lexical_hard_negative,"[1.0, 1.0, 2.0, 1.0, -0.0]","[0.0, 0.5, 1.0, 1.0, -1.0]"
3805416e0bde11eba7f7acde48001122,4,5,7,8,James Franco,5,6,Wojciech Has,lexical_hard_negative,"[1.0, 1.0, 2.0, 1.0, -0.0]","[0.0, 0.5, 1.0, 1.0, -1.0]"
a5937fe00baf11ebab90acde48001122,0,1,19,20,Princess Maria Immaculata of Bourbon-Two Sicilies (1844–1899),6,7,Archduchess Maria Theresa of Austria-Este (1817–1886),lexical_hard_negative,"[1.0, 1.0, 2.0, 1.0, -0.0]","[0.0, 0.5, 1.0, 1.0, -1.0]"
a5937fe00baf11ebab90acde48001122,1,2,19,20,Princess Maria Immaculata of Bourbon-Two Sicilies (1844–1899),6,7,Archduchess Maria Theresa of Austria-Este (1817–1886),lexical_hard_negative,"[1.0, 1.0, 2.0, 1.0, -0.0]","[0.0, 0.5, 1.0, 1.0, -1.0]"
a5937fe00baf11ebab90acde48001122,3,4,19,20,Princess Maria Immaculata of Bourbon-Two Sicilies (1844–1899),6,7,Archduchess Maria Theresa of Austria-Este (1817–1886),lexical_hard_negative,"[1.0, 1.0, 2.0, 1.0, -0.0]","[0.0, 0.5, 1.0, 1.0, -1.0]"
a5937fe00baf11ebab90acde48001122,4,5,19,20,Princess Maria Immaculata of Bourbon-Two Sicilies (1844–1899),6,7,Archduchess Maria Theresa of Austria-Este (1817–1886),lexical_hard_negative,"[1.0, 1.0, 2.0, 1.0, -0.0]","[0.0, 0.5, 1.0, 1.0, -1.0]"
8cd1b0020bdd11eba7f7acde48001122,1,2,14,15,Amado V. Hernandez,6,7,Place of birth,lexical_hard_negative,"[1.0, 1.0, 2.0, 1.0, -0.0]","[0.0, 0.5, 1.0, 1.0, -1.0]"
8cd1b0020bdd11eba7f7acde48001122,2,3,14,15,Amado V. Hernandez,6,7,Place of birth,lexical_hard_negative,"[1.0, 1.0, 2.0, 1.0, -0.0]","[0.0, 0.5, 1.0, 1.0, -1.0]"
8cd1b0020bdd11eba7f7acde48001122,3,4,14,15,Amado V. Hernandez,6,7,Place of birth,lexical_hard_negative,"[1.0, 1.0, 2.0, 1.0, -0.0]","[0.0, 0.5, 1.0, 1.0, -1.0]"
8cd1b0020bdd11eba7f7acde48001122,4,5,14,15,Amado V. Hernandez,6,7,Place of birth,lexical_hard_negative,"[1.0, 1.0, 2.0, 1.0, -0.0]","[0.0, 0.5, 1.0, 1.0, -1.0]"
53f3501408d711ebbd9aac1f6bf848b6,0,1,11,12,Anita Stewart,8,9,Eddie Romero,lexical_hard_negative,"[0.0, 0.5, 2.0, 1.0, -0.0]","[0.0, 0.25, 1.0, 0.3333333333333333, -1.0]"
53f3501408d711ebbd9aac1f6bf848b6,1,2,11,12,Anita Stewart,8,9,Eddie Romero,lexical_hard_negative,"[0.0, 0.75, 3.0, 1.0, -0.0]","[0.0, 0.5, 2.0, 0.6666666666666666, -1.0]"
53f3501408d711ebbd9aac1f6bf848b6,1,2,19,20,Richard Widmark,8,9,Eddie Romero,lexical_hard_negative,"[0.0, 0.75, 3.0, 0.6666666666666666, -0.0]","[0.0, 0.5, 2.0, 0.6666666666666666, -1.0]"
53f3501408d711ebbd9aac1f6bf848b6,2,3,11,12,Anita Stewart,8,9,Eddie Romero,lexical_hard_negative,"[0.0, 0.75, 3.0, 1.0, -0.0]","[0.0, 0.5, 2.0, 0.6666666666666666, -1.0]"
53f3501408d711ebbd9aac1f6bf848b6,2,3,19,20,Richard Widmark,8,9,Eddie Romero,lexical_hard_negative,"[0.0, 0.75, 3.0, 0.6666666666666666, -0.0]","[0.0, 0.5, 2.0, 0.6666666666666666, -1.0]"
53f3501408d711ebbd9aac1f6bf848b6,3,4,11,12,Anita Stewart,8,9,Eddie Romero,lexical_hard_negative,"[0.0, 0.75, 3.0, 1.0, -0.0]","[0.0, 0.5, 2.0, 0.6666666666666666, -1.0]"
53f3501408d711ebbd9aac1f6bf848b6,3,4,19,20,Richard Widmark,8,9,Eddie Romero,lexical_hard_negative,"[0.0, 0.75, 3.0, 0.6666666666666666, -0.0]","[0.0, 0.5, 2.0, 0.6666666666666666, -1.0]"
d88af85e085a11ebbd5cac1f6bf848b6,0,1,17,18,Raoul Walsh,6,7,Howard Hawks,lexical_hard_negative,"[1.0, 1.0, 4.0, 1.0, -0.0]","[0.0, 0.75, 3.0, 1.0, -1.0]"
d88af85e085a11ebbd5cac1f6bf848b6,4,5,17,18,Raoul Walsh,6,7,Howard Hawks,lexical_hard_negative,"[1.0, 1.0, 4.0, 1.0, -0.0]","[0.0, 0.75, 3.0, 1.0, -1.0]"
002e925e0bde11eba7f7acde48001122,1,2,6,7,Don Medford,7,8,Jonathan Demme,lexical_hard_negative,"[1.0, 1.0, 2.0, 1.0, -0.0]","[0.0, 0.5, 1.0, 1.0, -1.0]"
002e925e0bde11eba7f7acde48001122,2,3,6,7,Don Medford,7,8,Jonathan Demme,lexical_hard_negative,"[1.0, 1.0, 2.0, 1.0, -0.0]","[0.0, 0.5, 1.0, 1.0, -1.0]"
002e925e0bde11eba7f7acde48001122,3,4,6,7,Don Medford,7,8,Jonathan Demme,lexical_hard_negative,"[1.0, 1.0, 2.0, 1.0, -0.0]","[0.0, 0.5, 1.0, 1.0, -1.0]"
002e925e0bde11eba7f7acde48001122,4,5,6,7,Don Medford,7,8,Jonathan Demme,lexical_hard_negative,"[1.0, 1.0, 2.0, 1.0, -0.0]","[0.0, 0.5, 1.0, 1.0, -1.0]"
8c3c6d9e0bb011ebab90acde48001122,1,2,7,8,Pauline Therese of Württemberg,5,6,Duke Alexander of Württemberg (1804–1885),lexical_hard_negative,"[1.0, 1.0, 2.0, 1.0, -0.0]","[0.0, 0.5, 1.0, 1.0, -1.0]"
8c3c6d9e0bb011ebab90acde48001122,2,3,7,8,Pauline Therese of Württemberg,5,6,Duke Alexander of Württemberg (1804–1885),lexical_hard_negative,"[1.0, 1.0, 2.0, 1.0, -0.0]","[0.0, 0.5, 1.0, 1.0, -1.0]"
8c3c6d9e0bb011ebab90acde48001122,3,4,7,8,Pauline Therese of Württemberg,5,6,Duke Alexander of Württemberg (1804–1885),lexical_hard_negative,"[1.0, 1.0, 2.0, 1.0, -0.0]","[0.0, 0.5, 1.0, 1.0, -1.0]"
8c3c6d9e0bb011ebab90acde48001122,4,5,7,8,Pauline Therese of Württemberg,5,6,Duke Alexander of Württemberg (1804–1885),lexical_hard_negative,"[1.0, 1.0, 2.0, 1.0, -0.0]","[0.0, 0.5, 1.0, 1.0, -1.0]"
1194abf60bb011ebab90acde48001122,1,2,9,10,Dietrich III of Limburg-Styrum,5,6,"Otto I, Count of Burgundy",lexical_hard_negative,"[1.0, 1.0, 2.0, 1.0, -0.0]","[0.0, 0.5, 1.0, 1.0, -1.0]"
1194abf60bb011ebab90acde48001122,2,3,9,10,Dietrich III of Limburg-Styrum,5,6,"Otto I, Count of Burgundy",lexical_hard_negative,"[1.0, 1.0, 2.0, 1.0, -0.0]","[0.0, 0.5, 1.0, 1.0, -1.0]"
1194abf60bb011ebab90acde48001122,3,4,9,10,Dietrich III of Limburg-Styrum,5,6,"Otto I, Count of Burgundy",lexical_hard_negative,"[1.0, 1.0, 2.0, 1.0, -0.0]","[0.0, 0.5, 1.0, 1.0, -1.0]"
1194abf60bb011ebab90acde48001122,4,5,9,10,Dietrich III of Limburg-Styrum,5,6,"Otto I, Count of Burgundy",lexical_hard_negative,"[1.0, 1.0, 2.0, 1.0, -0.0]","[0.0, 0.5, 1.0, 1.0, -1.0]"
43c910980bde11eba7f7acde48001122,1,2,6,7,Archduchess Margarethe Klementine of Austria,5,6,Prince Victor of Thurn and Taxis,lexical_hard_negative,"[1.0, 1.0, 2.0, 1.0, -0.0]","[0.0, 0.5, 1.0, 1.0, -1.0]"
43c910980bde11eba7f7acde48001122,2,3,6,7,Archduchess Margarethe Klementine of Austria,5,6,Prince Victor of Thurn and Taxis,lexical_hard_negative,"[1.0, 1.0, 2.0, 1.0, -0.0]","[0.0, 0.5, 1.0, 1.0, -1.0]"
43c910980bde11eba7f7acde48001122,3,4,6,7,Archduchess Margarethe Klementine of Austria,5,6,Prince Victor of Thurn and Taxis,lexical_hard_negative,"[1.0, 1.0, 2.0, 1.0, -0.0]","[0.0, 0.5, 1.0, 1.0, -1.0]"
43c910980bde11eba7f7acde48001122,4,5,6,7,Archduchess Margarethe Klementine of Austria,5,6,Prince Victor of Thurn and Taxis,lexical_hard_negative,"[1.0, 1.0, 2.0, 1.0, -0.0]","[0.0, 0.5, 1.0, 1.0, -1.0]"
e5d895ee0bdd11eba7f7acde48001122,0,1,17,18,Deva (composer),5,6,Walter Ulfig,lexical_hard_negative,"[1.0, 1.0, 2.0, 1.0, -0.0]","[0.0, 0.5, 1.0, 1.0, -1.0]"
e5d895ee0bdd11eba7f7acde48001122,2,3,17,18,Deva (composer),5,6,Walter Ulfig,lexical_hard_negative,"[1.0, 1.0, 2.0, 1.0, -0.0]","[0.0, 0.5, 1.0, 1.0, -1.0]"
e5d895ee0bdd11eba7f7acde48001122,3,4,17,18,Deva (composer),5,6,Walter Ulfig,lexical_hard_negative,"[1.0, 1.0, 2.0, 1.0, -0.0]","[0.0, 0.5, 1.0, 1.0, -1.0]"
e5d895ee0bdd11eba7f7acde48001122,4,5,17,18,Deva (composer),5,6,Walter Ulfig,lexical_hard_negative,"[1.0, 1.0, 2.0, 1.0, -0.0]","[0.0, 0.5, 1.0, 1.0, -1.0]"
63c0d3d60bde11eba7f7acde48001122,0,1,10,11,Paul Hamilton (politician),6,7,"John Arbuthnott, 9th Viscount of Arbuthnott",lexical_hard_negative,"[1.0, 1.0, 2.0, 1.0, -0.0]","[0.0, 0.5, 1.0, 1.0, -1.0]"
63c0d3d60bde11eba7f7acde48001122,1,2,10,11,Paul Hamilton (politician),6,7,"John Arbuthnott, 9th Viscount of Arbuthnott",lexical_hard_negative,"[1.0, 1.0, 2.0, 1.0, -0.0]","[0.0, 0.5, 1.0, 1.0, -1.0]"
63c0d3d60bde11eba7f7acde48001122,3,4,10,11,Paul Hamilton (politician),6,7,"John Arbuthnott, 9th Viscount of Arbuthnott",lexical_hard_negative,"[1.0, 1.0, 2.0, 1.0, -0.0]","[0.0, 0.5, 1.0, 1.0, -1.0]"
63c0d3d60bde11eba7f7acde48001122,4,5,10,11,Paul Hamilton (politician),6,7,"John Arbuthnott, 9th Viscount of Arbuthnott",lexical_hard_negative,"[1.0, 1.0, 2.0, 1.0, -0.0]","[0.0, 0.5, 1.0, 1.0, -1.0]"
ccc8ea860bdd11eba7f7acde48001122,0,1,5,6,William Barnard (bishop),6,7,Thomas Scott (diver),lexical_hard_negative,"[1.0, 1.0, 2.0, 1.0, -0.0]","[0.0, 0.5, 1.0, 1.0, -1.0]"
ccc8ea860bdd11eba7f7acde48001122,1,2,5,6,William Barnard (bishop),6,7,Thomas Scott (diver),lexical_hard_negative,"[1.0, 1.0, 2.0, 1.0, -0.0]","[0.0, 0.5, 1.0, 1.0, -1.0]"
ccc8ea860bdd11eba7f7acde48001122,3,4,5,6,William Barnard (bishop),6,7,Thomas Scott (diver),lexical_hard_negative,"[1.0, 1.0, 2.0, 1.0, -0.0]","[0.0, 0.5, 1.0, 1.0, -1.0]"
ccc8ea860bdd11eba7f7acde48001122,4,5,5,6,William Barnard (bishop),6,7,Thomas Scott (diver),lexical_hard_negative,"[1.0, 1.0, 2.0, 1.0, -0.0]","[0.0, 0.5, 1.0, 1.0, -1.0]"
cd80e22a08d711ebbd9aac1f6bf848b6,3,4,17,18,Alberto Cavallone,5,6,Jean-Paul Salomé,lexical_hard_negative,"[1.0, 1.0, 4.0, 1.0, -0.0]","[0.0, 0.75, 3.0, 1.0, -1.0]"
cd80e22a08d711ebbd9aac1f6bf848b6,4,5,17,18,Alberto Cavallone,5,6,Jean-Paul Salomé,lexical_hard_negative,"[1.0, 1.0, 4.0, 1.0, -0.0]","[0.0, 0.75, 3.0, 1.0, -1.0]"
a9277caa0bdd11eba7f7acde48001122,1,2,13,14,"William Cavendish-Bentinck, 3rd Duke of Portland",6,7,Lord Henry Cavendish-Bentinck,lexical_hard_negative,"[1.0, 1.0, 2.0, 1.0, -0.0]","[0.0, 0.5, 1.0, 1.0, -1.0]"
a9277caa0bdd11eba7f7acde48001122,2,3,13,14,"William Cavendish-Bentinck, 3rd Duke of Portland",6,7,Lord Henry Cavendish-Bentinck,lexical_hard_negative,"[1.0, 1.0, 2.0, 1.0, -0.0]","[0.0, 0.5, 1.0, 1.0, -1.0]"
a9277caa0bdd11eba7f7acde48001122,3,4,13,14,"William Cavendish-Bentinck, 3rd Duke of Portland",6,7,Lord Henry Cavendish-Bentinck,lexical_hard_negative,"[1.0, 1.0, 2.0, 1.0, -0.0]","[0.0, 0.5, 1.0, 1.0, -1.0]"
a9277caa0bdd11eba7f7acde48001122,4,5,13,14,"William Cavendish-Bentinck, 3rd Duke of Portland",6,7,Lord Henry Cavendish-Bentinck,lexical_hard_negative,"[1.0, 1.0, 2.0, 1.0, -0.0]","[0.0, 0.5, 1.0, 1.0, -1.0]"
abf002e908a611ebbd7fac1f6bf848b6,2,3,5,6,Ralph Dawson,7,8,Dasari Narayana Rao,lexical_hard_negative,"[1.0, 1.0, 4.0, 1.0, -0.0]","[0.0, 0.75, 3.0, 1.0, -1.0]"
abf002e908a611ebbd7fac1f6bf848b6,4,5,5,6,Ralph Dawson,7,8,Dasari Narayana Rao,lexical_hard_negative,"[1.0, 1.0, 4.0, 1.0, -0.0]","[0.0, 0.75, 3.0, 1.0, -1.0]"
fd848f860bdd11eba7f7acde48001122,0,1,8,9,"Maurice, Prince of Orange",6,7,Francina Margaretha van Huysum,lexical_hard_negative,"[1.0, 1.0, 2.0, 1.0, -0.0]","[0.0, 0.5, 1.0, 1.0, -1.0]"
fd848f860bdd11eba7f7acde48001122,2,3,8,9,"Maurice, Prince of Orange",6,7,Francina Margaretha van Huysum,lexical_hard_negative,"[1.0, 1.0, 2.0, 1.0, -0.0]","[0.0, 0.5, 1.0, 1.0, -1.0]"
fd848f860bdd11eba7f7acde48001122,3,4,8,9,"Maurice, Prince of Orange",6,7,Francina Margaretha van Huysum,lexical_hard_negative,"[1.0, 1.0, 2.0, 1.0, -0.0]","[0.0, 0.5, 1.0, 1.0, -1.0]"
fd848f860bdd11eba7f7acde48001122,4,5,8,9,"Maurice, Prince of Orange",6,7,Francina Margaretha van Huysum,lexical_hard_negative,"[1.0, 1.0, 2.0, 1.0, -0.0]","[0.0, 0.5, 1.0, 1.0, -1.0]"
767efc000bde11eba7f7acde48001122,1,2,10,11,Grand Duke Vladimir Alexandrovich of Russia,6,7,Grand Duchess Xenia Alexandrovna of Russia,lexical_hard_negative,"[1.0, 1.0, 2.0, 1.0, -0.0]","[0.0, 0.5, 1.0, 1.0, -1.0]"
767efc000bde11eba7f7acde48001122,2,3,10,11,Grand Duke Vladimir Alexandrovich of Russia,6,7,Grand Duchess Xenia Alexandrovna of Russia,lexical_hard_negative,"[1.0, 1.0, 2.0, 1.0, -0.0]","[0.0, 0.5, 1.0, 1.0, -1.0]"
767efc000bde11eba7f7acde48001122,3,4,10,11,Grand Duke Vladimir Alexandrovich of Russia,6,7,Grand Duchess Xenia Alexandrovna of Russia,lexical_hard_negative,"[1.0, 1.0, 2.0, 1.0, -0.0]","[0.0, 0.5, 1.0, 1.0, -1.0]"
767efc000bde11eba7f7acde48001122,4,5,10,11,Grand Duke Vladimir Alexandrovich of Russia,6,7,Grand Duchess Xenia Alexandrovna of Russia,lexical_hard_negative,"[1.0, 1.0, 2.0, 1.0, -0.0]","[0.0, 0.5, 1.0, 1.0, -1.0]"
68a9e3c60bdc11eba7f7acde48001122,1,2,17,18,Iván Noel,5,6,Deva (composer),lexical_hard_negative,"[1.0, 1.0, 2.0, 1.0, -0.0]","[0.0, 0.5, 1.0, 1.0, -1.0]"
68a9e3c60bdc11eba7f7acde48001122,2,3,17,18,Iván Noel,5,6,Deva (composer),lexical_hard_negative,"[1.0, 1.0, 2.0, 1.0, -0.0]","[0.0, 0.5, 1.0, 1.0, -1.0]"
68a9e3c60bdc11eba7f7acde48001122,3,4,17,18,Iván Noel,5,6,Deva (composer),lexical_hard_negative,"[1.0, 1.0, 2.0, 1.0, -0.0]","[0.0, 0.5, 1.0, 1.0, -1.0]"
68a9e3c60bdc11eba7f7acde48001122,4,5,17,18,Iván Noel,5,6,Deva (composer),lexical_hard_negative,"[1.0, 1.0, 2.0, 1.0, -0.0]","[0.0, 0.5, 1.0, 1.0, -1.0]"
1442e9a20bde11eba7f7acde48001122,0,1,7,8,Princess Maria of Greece and Denmark,5,6,Princess Elizabeth of Greece and Denmark,lexical_hard_negative,"[0.0, 0.0, 0.0, 1.0, -1.0]","[0.0, 0.0, 0.0, 0.0, -1.0]"
1442e9a20bde11eba7f7acde48001122,0,1,16,17,"Princess Irene, Duchess of Aosta",5,6,Princess Elizabeth of Greece and Denmark,lexical_hard_negative,"[0.0, 0.0, 0.0, 1.0, -1.0]","[0.0, 0.0, 0.0, 0.0, -1.0]"
1442e9a20bde11eba7f7acde48001122,0,1,19,20,Constantine I of Greece,5,6,Princess Elizabeth of Greece and Denmark,lexical_hard_negative,"[0.0, 0.5, 1.0, 1.0, -0.0]","[0.0, 0.0, 0.0, 0.0, -1.0]"
1442e9a20bde11eba7f7acde48001122,1,2,7,8,Princess Maria of Greece and Denmark,5,6,Princess Elizabeth of Greece and Denmark,lexical_hard_negative,"[0.0, 0.0, 0.0, 1.0, -1.0]","[0.0, 0.0, 0.0, 0.0, -1.0]"
1442e9a20bde11eba7f7acde48001122,1,2,16,17,"Princess Irene, Duchess of Aosta",5,6,Princess Elizabeth of Greece and Denmark,lexical_hard_negative,"[0.0, 0.0, 0.0, 1.0, -1.0]","[0.0, 0.0, 0.0, 0.0, -1.0]"
1442e9a20bde11eba7f7acde48001122,1,2,19,20,Constantine I of Greece,5,6,Princess Elizabeth of Greece and Denmark,lexical_hard_negative,"[0.0, 0.5, 1.0, 1.0, -0.0]","[0.0, 0.0, 0.0, 0.0, -1.0]"
1442e9a20bde11eba7f7acde48001122,2,3,7,8,Princess Maria of Greece and Denmark,5,6,Princess Elizabeth of Greece and Denmark,lexical_hard_negative,"[0.0, 0.0, 0.0, 1.0, -1.0]","[0.0, 0.0, 0.0, 0.0, -1.0]"
1442e9a20bde11eba7f7acde48001122,2,3,16,17,"Princess Irene, Duchess of Aosta",5,6,Princess Elizabeth of Greece and Denmark,lexical_hard_negative,"[0.0, 0.0, 0.0, 1.0, -1.0]","[0.0, 0.0, 0.0, 0.0, -1.0]"
1442e9a20bde11eba7f7acde48001122,2,3,19,20,Constantine I of Greece,5,6,Princess Elizabeth of Greece and Denmark,lexical_hard_negative,"[0.0, 0.5, 1.0, 1.0, -0.0]","[0.0, 0.0, 0.0, 0.0, -1.0]"
1442e9a20bde11eba7f7acde48001122,3,4,7,8,Princess Maria of Greece and Denmark,5,6,Princess Elizabeth of Greece and Denmark,lexical_hard_negative,"[0.0, 0.0, 0.0, 1.0, -1.0]","[0.0, 0.0, 0.0, 0.0, -1.0]"
1442e9a20bde11eba7f7acde48001122,3,4,16,17,"Princess Irene, Duchess of Aosta",5,6,Princess Elizabeth of Greece and Denmark,lexical_hard_negative,"[0.0, 0.0, 0.0, 1.0, -1.0]","[0.0, 0.0, 0.0, 0.0, -1.0]"
1442e9a20bde11eba7f7acde48001122,3,4,19,20,Constantine I of Greece,5,6,Princess Elizabeth of Greece and Denmark,lexical_hard_negative,"[0.0, 0.5, 1.0, 1.0, -0.0]","[0.0, 0.0, 0.0, 0.0, -1.0]"
1442e9a20bde11eba7f7acde48001122,4,5,7,8,Princess Maria of Greece and Denmark,5,6,Princess Elizabeth of Greece and Denmark,lexical_hard_negative,"[0.0, 0.0, 0.0, 1.0, -1.0]","[0.0, 0.0, 0.0, 0.0, -1.0]"
1442e9a20bde11eba7f7acde48001122,4,5,16,17,"Princess Irene, Duchess of Aosta",5,6,Princess Elizabeth of Greece and Denmark,lexical_hard_negative,"[0.0, 0.0, 0.0, 1.0, -1.0]","[0.0, 0.0, 0.0, 0.0, -1.0]"
1442e9a20bde11eba7f7acde48001122,4,5,19,20,Constantine I of Greece,5,6,Princess Elizabeth of Greece and Denmark,lexical_hard_negative,"[0.0, 0.5, 1.0, 1.0, -0.0]","[0.0, 0.0, 0.0, 0.0, -1.0]"
f88912f008da11ebbd9cac1f6bf848b6,3,4,6,7,Eddie Romero,7,8,Dasari Narayana Rao,lexical_hard_negative,"[1.0, 1.0, 4.0, 1.0, -0.0]","[0.0, 0.75, 3.0, 1.0, -1.0]"
f88912f008da11ebbd9cac1f6bf848b6,4,5,6,7,Eddie Romero,7,8,Dasari Narayana Rao,lexical_hard_negative,"[1.0, 1.0, 4.0, 1.0, -0.0]","[0.0, 0.75, 3.0, 1.0, -1.0]"
2b7db0200bde11eba7f7acde48001122,1,2,5,6,"George Stewart, 9th Seigneur d'Aubigny",7,8,"Charles Gordon-Lennox, 8th Duke of Richmond",lexical_hard_negative,"[1.0, 1.0, 2.0, 1.0, -0.0]","[0.0, 0.5, 1.0, 1.0, -1.0]"
2b7db0200bde11eba7f7acde48001122,2,3,5,6,"George Stewart, 9th Seigneur d'Aubigny",7,8,"Charles Gordon-Lennox, 8th Duke of Richmond",lexical_hard_negative,"[1.0, 1.0, 2.0, 1.0, -0.0]","[0.0, 0.5, 1.0, 1.0, -1.0]"
2b7db0200bde11eba7f7acde48001122,3,4,5,6,"George Stewart, 9th Seigneur d'Aubigny",7,8,"Charles Gordon-Lennox, 8th Duke of Richmond",lexical_hard_negative,"[1.0, 1.0, 2.0, 1.0, -0.0]","[0.0, 0.5, 1.0, 1.0, -1.0]"
2b7db0200bde11eba7f7acde48001122,4,5,5,6,"George Stewart, 9th Seigneur d'Aubigny",7,8,"Charles Gordon-Lennox, 8th Duke of Richmond",lexical_hard_negative,"[1.0, 1.0, 2.0, 1.0, -0.0]","[0.0, 0.5, 1.0, 1.0, -1.0]"
d667e18f08d911ebbd9cac1f6bf848b6,0,1,15,16,Robert Parrish,7,8,Strangers of the Evening,lexical_hard_negative,"[0.0, 0.75, 3.0, 1.0, -0.0]","[0.0, 0.5, 2.0, 0.3333333333333333, -1.0]"
d667e18f08d911ebbd9cac1f6bf848b6,1,2,15,16,Robert Parrish,7,8,Strangers of the Evening,lexical_hard_negative,"[0.0, 0.75, 3.0, 1.0, -0.0]","[0.0, 0.5, 2.0, 0.6666666666666666, -1.0]"
d667e18f08d911ebbd9cac1f6bf848b6,2,3,15,16,Robert Parrish,7,8,Strangers of the Evening,lexical_hard_negative,"[0.0, 0.75, 3.0, 1.0, -0.0]","[0.0, 0.5, 2.0, 0.6666666666666666, -1.0]"
d667e18f08d911ebbd9cac1f6bf848b6,3,4,15,16,Robert Parrish,7,8,Strangers of the Evening,lexical_hard_negative,"[1.0, 1.0, 4.0, 1.0, -0.0]","[0.0, 0.75, 3.0, 0.6666666666666666, -1.0]"
d667e18f08d911ebbd9cac1f6bf848b6,4,5,15,16,Robert Parrish,7,8,Strangers of the Evening,lexical_hard_negative,"[1.0, 1.0, 4.0, 1.0, -0.0]","[0.0, 0.75, 3.0, 0.6666666666666666, -1.0]"
5498821a0bb011ebab90acde48001122,1,2,9,10,Vita Sackville-West,5,6,"Mortimer Sackville-West, 1st Baron Sackville",lexical_hard_negative,"[1.0, 1.0, 2.0, 1.0, -0.0]","[0.0, 0.5, 1.0, 1.0, -1.0]"
5498821a0bb011ebab90acde48001122,2,3,9,10,Vita Sackville-West,5,6,"Mortimer Sackville-West, 1st Baron Sackville",lexical_hard_negative,"[1.0, 1.0, 2.0, 1.0, -0.0]","[0.0, 0.5, 1.0, 1.0, -1.0]"
5498821a0bb011ebab90acde48001122,3,4,9,10,Vita Sackville-West,5,6,"Mortimer Sackville-West, 1st Baron Sackville",lexical_hard_negative,"[1.0, 1.0, 2.0, 1.0, -0.0]","[0.0, 0.5, 1.0, 1.0, -1.0]"
5498821a0bb011ebab90acde48001122,4,5,9,10,Vita Sackville-West,5,6,"Mortimer Sackville-West, 1st Baron Sackville",lexical_hard_negative,"[1.0, 1.0, 2.0, 1.0, -0.0]","[0.0, 0.5, 1.0, 1.0, -1.0]"
104c34700bde11eba7f7acde48001122,1,2,5,6,Carl Schultz,6,7,Triumphs of a Man Called Horse,lexical_hard_negative,"[1.0, 1.0, 2.0, 1.0, -0.0]","[0.0, 0.5, 1.0, 1.0, -1.0]"
104c34700bde11eba7f7acde48001122,2,3,5,6,Carl Schultz,6,7,Triumphs of a Man Called Horse,lexical_hard_negative,"[1.0, 1.0, 2.0, 1.0, -0.0]","[0.0, 0.5, 1.0, 1.0, -1.0]"
104c34700bde11eba7f7acde48001122,3,4,5,6,Carl Schultz,6,7,Triumphs of a Man Called Horse,lexical_hard_negative,"[1.0, 1.0, 2.0, 1.0, -0.0]","[0.0, 0.5, 1.0, 1.0, -1.0]"
104c34700bde11eba7f7acde48001122,4,5,5,6,Carl Schultz,6,7,Triumphs of a Man Called Horse,lexical_hard_negative,"[1.0, 1.0, 2.0, 1.0, -0.0]","[0.0, 0.5, 1.0, 1.0, -1.0]"
f1145dc6084f11ebbd56ac1f6bf848b6,0,1,5,6,Pasquale Festa Campanile,8,9,A Monster and a Half,lexical_hard_negative,"[1.0, 1.0, 4.0, 1.0, -0.0]","[0.0, 0.75, 3.0, 0.6666666666666666, -1.0]"
f1145dc6084f11ebbd56ac1f6bf848b6,1,2,5,6,Pasquale Festa Campanile,8,9,A Monster and a Half,lexical_hard_negative,"[1.0, 1.0, 4.0, 1.0, -0.0]","[0.0, 0.75, 3.0, 0.6666666666666666, -1.0]"
f1145dc6084f11ebbd56ac1f6bf848b6,2,3,5,6,Pasquale Festa Campanile,8,9,A Monster and a Half,lexical_hard_negative,"[0.0, 0.75, 3.0, 1.0, -0.0]","[0.0, 0.5, 2.0, 0.6666666666666666, -1.0]"
f1145dc6084f11ebbd56ac1f6bf848b6,3,4,5,6,Pasquale Festa Campanile,8,9,A Monster and a Half,lexical_hard_negative,"[0.0, 0.75, 3.0, 1.0, -0.0]","[0.0, 0.5, 2.0, 0.3333333333333333, -1.0]"
f1145dc6084f11ebbd56ac1f6bf848b6,4,5,5,6,Pasquale Festa Campanile,8,9,A Monster and a Half,lexical_hard_negative,"[0.0, 0.75, 3.0, 1.0, -0.0]","[0.0, 0.5, 2.0, 0.6666666666666666, -1.0]"
b3a00ba508bb11ebbd88ac1f6bf848b6,3,4,10,11,J. Lee Thompson,5,6,Peter Glenville,lexical_hard_negative,"[1.0, 1.0, 4.0, 1.0, -0.0]","[0.0, 0.75, 3.0, 1.0, -1.0]"
b3a00ba508bb11ebbd88ac1f6bf848b6,4,5,10,11,J. Lee Thompson,5,6,Peter Glenville,lexical_hard_negative,"[1.0, 1.0, 4.0, 1.0, -0.0]","[0.0, 0.75, 3.0, 1.0, -1.0]"
87f1c0da08e611ebbda5ac1f6bf848b6,3,4,11,12,Lawson Harris,5,6,Next of Kin (1982 film),lexical_hard_negative,"[1.0, 1.0, 4.0, 1.0, -0.0]","[0.0, 0.75, 3.0, 1.0, -1.0]"
87f1c0da08e611ebbda5ac1f6bf848b6,4,5,11,12,Lawson Harris,5,6,Next of Kin (1982 film),lexical_hard_negative,"[1.0, 1.0, 4.0, 1.0, -0.0]","[0.0, 0.75, 3.0, 1.0, -1.0]"
364458b20baf11ebab90acde48001122,1,2,5,6,Prince Karl of Leiningen,6,7,Christine of Mecklenburg-Güstrow,lexical_hard_negative,"[1.0, 1.0, 2.0, 1.0, -0.0]","[0.0, 0.5, 1.0, 1.0, -1.0]"
364458b20baf11ebab90acde48001122,2,3,5,6,Prince Karl of Leiningen,6,7,Christine of Mecklenburg-Güstrow,lexical_hard_negative,"[1.0, 1.0, 2.0, 1.0, -0.0]","[0.0, 0.5, 1.0, 1.0, -1.0]"
364458b20baf11ebab90acde48001122,3,4,5,6,Prince Karl of Leiningen,6,7,Christine of Mecklenburg-Güstrow,lexical_hard_negative,"[1.0, 1.0, 2.0, 1.0, -0.0]","[0.0, 0.5, 1.0, 1.0, -1.0]"
364458b20baf11ebab90acde48001122,4,5,5,6,Prince Karl of Leiningen,6,7,Christine of Mecklenburg-Güstrow,lexical_hard_negative,"[1.0, 1.0, 2.0, 1.0, -0.0]","[0.0, 0.5, 1.0, 1.0, -1.0]"
19041a7f08e111ebbda2ac1f6bf848b6,1,2,6,7,Pierre De Geyter,5,6,Peter Gravesen,lexical_hard_negative,"[1.0, 1.0, 2.0, 1.0, -0.0]","[0.0, 0.5, 1.0, 1.0, -1.0]"
19041a7f08e111ebbda2ac1f6bf848b6,2,3,6,7,Pierre De Geyter,5,6,Peter Gravesen,lexical_hard_negative,"[1.0, 1.0, 2.0, 1.0, -0.0]","[0.0, 0.5, 1.0, 1.0, -1.0]"
19041a7f08e111ebbda2ac1f6bf848b6,3,4,6,7,Pierre De Geyter,5,6,Peter Gravesen,lexical_hard_negative,"[1.0, 1.0, 2.0, 1.0, -0.0]","[0.0, 0.5, 1.0, 1.0, -1.0]"
19041a7f08e111ebbda2ac1f6bf848b6,4,5,6,7,Pierre De Geyter,5,6,Peter Gravesen,lexical_hard_negative,"[1.0, 1.0, 2.0, 1.0, -0.0]","[0.0, 0.5, 1.0, 1.0, -1.0]"
433bcf3d08b711ebbd88ac1f6bf848b6,0,1,5,6,Gene Fowler Jr.,9,10,Showdown at Abilene,lexical_hard_negative,"[0.0, 0.5, 2.0, 1.0, -0.0]","[0.0, 0.25, 1.0, 0.6666666666666666, -1.0]"
433bcf3d08b711ebbd88ac1f6bf848b6,1,2,5,6,Gene Fowler Jr.,9,10,Showdown at Abilene,lexical_hard_negative,"[0.0, 0.5, 2.0, 1.0, -0.0]","[0.0, 0.25, 1.0, 0.3333333333333333, -1.0]"
433bcf3d08b711ebbd88ac1f6bf848b6,2,3,5,6,Gene Fowler Jr.,9,10,Showdown at Abilene,lexical_hard_negative,"[0.0, 0.75, 3.0, 1.0, -0.0]","[0.0, 0.5, 2.0, 0.6666666666666666, -1.0]"
433bcf3d08b711ebbd88ac1f6bf848b6,2,3,7,8,Eddie Romero,9,10,Showdown at Abilene,lexical_hard_negative,"[0.0, 0.75, 3.0, 0.6666666666666666, -0.0]","[0.0, 0.5, 2.0, 0.6666666666666666, -1.0]"
433bcf3d08b711ebbd88ac1f6bf848b6,3,4,5,6,Gene Fowler Jr.,9,10,Showdown at Abilene,lexical_hard_negative,"[0.0, 0.75, 3.0, 1.0, -0.0]","[0.0, 0.5, 2.0, 0.6666666666666666, -1.0]"
433bcf3d08b711ebbd88ac1f6bf848b6,3,4,7,8,Eddie Romero,9,10,Showdown at Abilene,lexical_hard_negative,"[0.0, 0.75, 3.0, 0.6666666666666666, -0.0]","[0.0, 0.5, 2.0, 0.6666666666666666, -1.0]"
433bcf3d08b711ebbd88ac1f6bf848b6,4,5,5,6,Gene Fowler Jr.,9,10,Showdown at Abilene,lexical_hard_negative,"[0.0, 0.75, 3.0, 1.0, -0.0]","[0.0, 0.5, 2.0, 0.6666666666666666, -1.0]"
433bcf3d08b711ebbd88ac1f6bf848b6,4,5,7,8,Eddie Romero,9,10,Showdown at Abilene,lexical_hard_negative,"[0.0, 0.75, 3.0, 0.6666666666666666, -0.0]","[0.0, 0.5, 2.0, 0.6666666666666666, -1.0]"
2536562e0baf11ebab90acde48001122,1,2,14,15,Frederick IV of Denmark,5,6,Alexander Ramsay of Mar,lexical_hard_negative,"[1.0, 1.0, 2.0, 1.0, -0.0]","[0.0, 0.5, 1.0, 1.0, -1.0]"
2536562e0baf11ebab90acde48001122,2,3,14,15,Frederick IV of Denmark,5,6,Alexander Ramsay of Mar,lexical_hard_negative,"[1.0, 1.0, 2.0, 1.0, -0.0]","[0.0, 0.5, 1.0, 1.0, -1.0]"
2536562e0baf11ebab90acde48001122,3,4,14,15,Frederick IV of Denmark,5,6,Alexander Ramsay of Mar,lexical_hard_negative,"[1.0, 1.0, 2.0, 1.0, -0.0]","[0.0, 0.5, 1.0, 1.0, -1.0]"
2536562e0baf11ebab90acde48001122,4,5,14,15,Frederick IV of Denmark,5,6,Alexander Ramsay of Mar,lexical_hard_negative,"[1.0, 1.0, 2.0, 1.0, -0.0]","[0.0, 0.5, 1.0, 1.0, -1.0]"
ddd7f12c086911ebbd5fac1f6bf848b6,1,2,9,10,John Henry Caldwell,5,6,John Henry,lexical_hard_negative,"[1.0, 1.0, 2.0, 1.0, -0.0]","[0.0, 0.5, 1.0, 1.0, -1.0]"
ddd7f12c086911ebbd5fac1f6bf848b6,2,3,9,10,John Henry Caldwell,5,6,John Henry,lexical_hard_negative,"[1.0, 1.0, 2.0, 1.0, -0.0]","[0.0, 0.5, 1.0, 1.0, -1.0]"
ddd7f12c086911ebbd5fac1f6bf848b6,3,4,9,10,John Henry Caldwell,5,6,John Henry,lexical_hard_negative,"[1.0, 1.0, 2.0, 1.0, -0.0]","[0.0, 0.5, 1.0, 1.0, -1.0]"
ddd7f12c086911ebbd5fac1f6bf848b6,4,5,9,10,John Henry Caldwell,5,6,John Henry,lexical_hard_negative,"[1.0, 1.0, 2.0, 1.0, -0.0]","[0.0, 0.5, 1.0, 1.0, -1.0]"
595209340bb011ebab90acde48001122,1,2,7,8,"Otto II, Count of Guelders",5,6,"Maria, Duchess of Guelders",lexical_hard_negative,"[1.0, 1.0, 2.0, 1.0, -0.0]","[0.0, 0.5, 1.0, 1.0, -1.0]"
595209340bb011ebab90acde48001122,2,3,7,8,"Otto II, Count of Guelders",5,6,"Maria, Duchess of Guelders",lexical_hard_negative,"[1.0, 1.0, 2.0, 1.0, -0.0]","[0.0, 0.5, 1.0, 1.0, -1.0]"
595209340bb011ebab90acde48001122,3,4,7,8,"Otto II, Count of Guelders",5,6,"Maria, Duchess of Guelders",lexical_hard_negative,"[1.0, 1.0, 2.0, 1.0, -0.0]","[0.0, 0.5, 1.0, 1.0, -1.0]"
595209340bb011ebab90acde48001122,4,5,7,8,"Otto II, Count of Guelders",5,6,"Maria, Duchess of Guelders",lexical_hard_negative,"[1.0, 1.0, 2.0, 1.0, -0.0]","[0.0, 0.5, 1.0, 1.0, -1.0]"
8be3dafe08d511ebbd98ac1f6bf848b6,2,3,5,6,Harry S. Webb,7,8,Swamp Thing (film),lexical_hard_negative,"[1.0, 1.0, 4.0, 1.0, -0.0]","[0.0, 0.75, 3.0, 1.0, -1.0]"
8be3dafe08d511ebbd98ac1f6bf848b6,3,4,5,6,Harry S. Webb,7,8,Swamp Thing (film),lexical_hard_negative,"[1.0, 1.0, 4.0, 1.0, -0.0]","[0.0, 0.75, 3.0, 1.0, -1.0]"
57e7c378087311ebbd66ac1f6bf848b6,0,1,6,7,Lazarus Fletcher,5,6,William Brereton (British Army officer),lexical_hard_negative,"[1.0, 1.0, 2.0, 1.0, -0.0]","[0.0, 0.5, 1.0, 0.0, -1.0]"
57e7c378087311ebbd66ac1f6bf848b6,1,2,6,7,Lazarus Fletcher,5,6,William Brereton (British Army officer),lexical_hard_negative,"[0.0, 0.5, 1.0, 1.0, -0.0]","[0.0, 0.0, 0.0, 0.0, -1.0]"
57e7c378087311ebbd66ac1f6bf848b6,2,3,6,7,Lazarus Fletcher,5,6,William Brereton (British Army officer),lexical_hard_negative,"[1.0, 1.0, 2.0, 1.0, -0.0]","[0.0, 0.5, 1.0, 0.0, -1.0]"
57e7c378087311ebbd66ac1f6bf848b6,3,4,6,7,Lazarus Fletcher,5,6,William Brereton (British Army officer),lexical_hard_negative,"[1.0, 1.0, 2.0, 1.0, -0.0]","[0.0, 0.5, 1.0, 0.0, -1.0]"
57e7c378087311ebbd66ac1f6bf848b6,4,5,6,7,Lazarus Fletcher,5,6,William Brereton (British Army officer),lexical_hard_negative,"[1.0, 1.0, 2.0, 1.0, -0.0]","[0.0, 0.5, 1.0, 0.0, -1.0]"
701433f00baf11ebab90acde48001122,1,2,7,8,Adolph II of the Marck,5,6,"Adolph I, Duke of Cleves",lexical_hard_negative,"[1.0, 1.0, 2.0, 1.0, -0.0]","[0.0, 0.5, 1.0, 1.0, -1.0]"
701433f00baf11ebab90acde48001122,2,3,7,8,Adolph II of the Marck,5,6,"Adolph I, Duke of Cleves",lexical_hard_negative,"[1.0, 1.0, 2.0, 1.0, -0.0]","[0.0, 0.5, 1.0, 1.0, -1.0]"
701433f00baf11ebab90acde48001122,3,4,7,8,Adolph II of the Marck,5,6,"Adolph I, Duke of Cleves",lexical_hard_negative,"[1.0, 1.0, 2.0, 1.0, -0.0]","[0.0, 0.5, 1.0, 1.0, -1.0]"
701433f00baf11ebab90acde48001122,4,5,7,8,Adolph II of the Marck,5,6,"Adolph I, Duke of Cleves",lexical_hard_negative,"[1.0, 1.0, 2.0, 1.0, -0.0]","[0.0, 0.5, 1.0, 1.0, -1.0]"
53d6ad2a0bb011ebab90acde48001122,1,2,5,6,Jan I of Żagań,6,7,Rupert I of Legnica,lexical_hard_negative,"[1.0, 1.0, 2.0, 1.0, -0.0]","[0.0, 0.5, 1.0, 1.0, -1.0]"
53d6ad2a0bb011ebab90acde48001122,2,3,5,6,Jan I of Żagań,6,7,Rupert I of Legnica,lexical_hard_negative,"[1.0, 1.0, 2.0, 1.0, -0.0]","[0.0, 0.5, 1.0, 1.0, -1.0]"
53d6ad2a0bb011ebab90acde48001122,3,4,5,6,Jan I of Żagań,6,7,Rupert I of Legnica,lexical_hard_negative,"[1.0, 1.0, 2.0, 1.0, -0.0]","[0.0, 0.5, 1.0, 1.0, -1.0]"
53d6ad2a0bb011ebab90acde48001122,4,5,5,6,Jan I of Żagań,6,7,Rupert I of Legnica,lexical_hard_negative,"[1.0, 1.0, 2.0, 1.0, -0.0]","[0.0, 0.5, 1.0, 1.0, -1.0]"
676bf7000bb011ebab90acde48001122,1,2,18,19,Ida of Lorraine,5,6,"Baldwin II, Count of Boulogne",lexical_hard_negative,"[1.0, 1.0, 2.0, 1.0, -0.0]","[0.0, 0.5, 1.0, 1.0, -1.0]"
676bf7000bb011ebab90acde48001122,2,3,18,19,Ida of Lorraine,5,6,"Baldwin II, Count of Boulogne",lexical_hard_negative,"[1.0, 1.0, 2.0, 1.0, -0.0]","[0.0, 0.5, 1.0, 1.0, -1.0]"
676bf7000bb011ebab90acde48001122,3,4,18,19,Ida of Lorraine,5,6,"Baldwin II, Count of Boulogne",lexical_hard_negative,"[1.0, 1.0, 2.0, 1.0, -0.0]","[0.0, 0.5, 1.0, 1.0, -1.0]"
676bf7000bb011ebab90acde48001122,4,5,18,19,Ida of Lorraine,5,6,"Baldwin II, Count of Boulogne",lexical_hard_negative,"[1.0, 1.0, 2.0, 1.0, -0.0]","[0.0, 0.5, 1.0, 1.0, -1.0]"
5760bd8208b311ebbd86ac1f6bf848b6,0,1,8,9,Sanal Kumar Sasidharan,5,6,Srijit Mukherji,lexical_hard_negative,"[0.0, 0.75, 3.0, 1.0, -0.0]","[0.0, 0.5, 2.0, 0.3333333333333333, -1.0]"
5760bd8208b311ebbd86ac1f6bf848b6,1,2,8,9,Sanal Kumar Sasidharan,5,6,Srijit Mukherji,lexical_hard_negative,"[0.0, 0.75, 3.0, 1.0, -0.0]","[0.0, 0.5, 2.0, 0.6666666666666666, -1.0]"
5760bd8208b311ebbd86ac1f6bf848b6,2,3,8,9,Sanal Kumar Sasidharan,5,6,Srijit Mukherji,lexical_hard_negative,"[1.0, 1.0, 4.0, 1.0, -0.0]","[0.0, 0.75, 3.0, 0.6666666666666666, -1.0]"
5760bd8208b311ebbd86ac1f6bf848b6,3,4,8,9,Sanal Kumar Sasidharan,5,6,Srijit Mukherji,lexical_hard_negative,"[0.0, 0.75, 3.0, 1.0, -0.0]","[0.0, 0.5, 2.0, 0.6666666666666666, -1.0]"
5760bd8208b311ebbd86ac1f6bf848b6,4,5,8,9,Sanal Kumar Sasidharan,5,6,Srijit Mukherji,lexical_hard_negative,"[1.0, 1.0, 4.0, 1.0, -0.0]","[0.0, 0.75, 3.0, 0.6666666666666666, -1.0]"
a3ac1ca20bda11eba7f7acde48001122,0,1,7,8,Balian of Ibelin,5,6,Thierry d'Orca,lexical_hard_negative,"[1.0, 1.0, 2.0, 1.0, -0.0]","[0.0, 0.5, 1.0, 1.0, -1.0]"
a3ac1ca20bda11eba7f7acde48001122,2,3,7,8,Balian of Ibelin,5,6,Thierry d'Orca,lexical_hard_negative,"[1.0, 1.0, 2.0, 1.0, -0.0]","[0.0, 0.5, 1.0, 1.0, -1.0]"
a3ac1ca20bda11eba7f7acde48001122,3,4,7,8,Balian of Ibelin,5,6,Thierry d'Orca,lexical_hard_negative,"[1.0, 1.0, 2.0, 1.0, -0.0]","[0.0, 0.5, 1.0, 1.0, -1.0]"
a3ac1ca20bda11eba7f7acde48001122,4,5,7,8,Balian of Ibelin,5,6,Thierry d'Orca,lexical_hard_negative,"[1.0, 1.0, 2.0, 1.0, -0.0]","[0.0, 0.5, 1.0, 1.0, -1.0]"
ecf5d7b60bdc11eba7f7acde48001122,0,1,9,10,Robert Enrico,7,8,Louis Mercanton,lexical_hard_negative,"[1.0, 1.0, 2.0, 1.0, -0.0]","[0.0, 0.5, 1.0, 1.0, -1.0]"
ecf5d7b60bdc11eba7f7acde48001122,1,2,9,10,Robert Enrico,7,8,Louis Mercanton,lexical_hard_negative,"[1.0, 1.0, 2.0, 1.0, -0.0]","[0.0, 0.5, 1.0, 1.0, -1.0]"
ecf5d7b60bdc11eba7f7acde48001122,2,3,9,10,Robert Enrico,7,8,Louis Mercanton,lexical_hard_negative,"[1.0, 1.0, 2.0, 1.0, -0.0]","[0.0, 0.5, 1.0, 1.0, -1.0]"
ecf5d7b60bdc11eba7f7acde48001122,4,5,9,10,Robert Enrico,7,8,Louis Mercanton,lexical_hard_negative,"[1.0, 1.0, 2.0, 1.0, -0.0]","[0.0, 0.5, 1.0, 1.0, -1.0]"
8715eeb808e411ebbda4ac1f6bf848b6,0,1,9,10,Umberto Lenzi,5,6,Tough to Handle,lexical_hard_negative,"[0.0, 0.75, 3.0, 1.0, -0.0]","[0.0, 0.5, 2.0, 0.6666666666666666, -1.0]"
8715eeb808e411ebbda4ac1f6bf848b6,1,2,9,10,Umberto Lenzi,5,6,Tough to Handle,lexical_hard_negative,"[0.0, 0.75, 3.0, 1.0, -0.0]","[0.0, 0.5, 2.0, 0.6666666666666666, -1.0]"
8715eeb808e411ebbda4ac1f6bf848b6,2,3,9,10,Umberto Lenzi,5,6,Tough to Handle,lexical_hard_negative,"[1.0, 1.0, 4.0, 1.0, -0.0]","[0.0, 0.75, 3.0, 0.6666666666666666, -1.0]"
8715eeb808e411ebbda4ac1f6bf848b6,3,4,9,10,Umberto Lenzi,5,6,Tough to Handle,lexical_hard_negative,"[0.0, 0.75, 3.0, 1.0, -0.0]","[0.0, 0.5, 2.0, 0.6666666666666666, -1.0]"
8715eeb808e411ebbda4ac1f6bf848b6,4,5,9,10,Umberto Lenzi,5,6,Tough to Handle,lexical_hard_negative,"[1.0, 1.0, 4.0, 1.0, -0.0]","[0.0, 0.75, 3.0, 0.6666666666666666, -1.0]"
ec5882f008bb11ebbd88ac1f6bf848b6,3,4,5,6,Ralph Nelson,6,7,Kim Ki-young,lexical_hard_negative,"[1.0, 1.0, 4.0, 1.0, -0.0]","[0.0, 0.75, 3.0, 1.0, -1.0]"
ec5882f008bb11ebbd88ac1f6bf848b6,4,5,5,6,Ralph Nelson,6,7,Kim Ki-young,lexical_hard_negative,"[1.0, 1.0, 4.0, 1.0, -0.0]","[0.0, 0.75, 3.0, 1.0, -1.0]"
10b8d7940baf11ebab90acde48001122,0,1,5,6,Edward the Confessor,6,7,Catherine de' Medici,lexical_hard_negative,"[1.0, 1.0, 2.0, 1.0, -0.0]","[0.0, 0.5, 1.0, 1.0, -1.0]"
10b8d7940baf11ebab90acde48001122,1,2,5,6,Edward the Confessor,6,7,Catherine de' Medici,lexical_hard_negative,"[1.0, 1.0, 2.0, 1.0, -0.0]","[0.0, 0.5, 1.0, 1.0, -1.0]"
10b8d7940baf11ebab90acde48001122,2,3,5,6,Edward the Confessor,6,7,Catherine de' Medici,lexical_hard_negative,"[1.0, 1.0, 2.0, 1.0, -0.0]","[0.0, 0.5, 1.0, 1.0, -1.0]"
10b8d7940baf11ebab90acde48001122,4,5,5,6,Edward the Confessor,6,7,Catherine de' Medici,lexical_hard_negative,"[1.0, 1.0, 2.0, 1.0, -0.0]","[0.0, 0.5, 1.0, 1.0, -1.0]"
16e1006809ab11ebbdb0ac1f6bf848b6,1,2,18,19,Distant Lover,8,9,Where Are You Now,lexical_hard_negative,"[1.0, 1.0, 2.0, 1.0, -0.0]","[0.0, 0.5, 1.0, 1.0, -1.0]"
16e1006809ab11ebbdb0ac1f6bf848b6,2,3,18,19,Distant Lover,8,9,Where Are You Now,lexical_hard_negative,"[1.0, 1.0, 2.0, 1.0, -0.0]","[0.0, 0.5, 1.0, 1.0, -1.0]"
16e1006809ab11ebbdb0ac1f6bf848b6,3,4,18,19,Distant Lover,8,9,Where Are You Now,lexical_hard_negative,"[1.0, 1.0, 2.0, 1.0, -0.0]","[0.0, 0.5, 1.0, 1.0, -1.0]"
16e1006809ab11ebbdb0ac1f6bf848b6,4,5,18,19,Distant Lover,8,9,Where Are You Now,lexical_hard_negative,"[1.0, 1.0, 2.0, 1.0, -0.0]","[0.0, 0.5, 1.0, 1.0, -1.0]"
776002d4090a11ebbdadac1f6bf848b6,0,1,10,11,Jazz Boat,11,12,The World and His Wife,lexical_hard_negative,"[0.0, 0.5, 1.0, 1.0, -0.0]","[0.0, 0.0, 0.0, 0.0, -1.0]"
776002d4090a11ebbdadac1f6bf848b6,1,2,10,11,Jazz Boat,11,12,The World and His Wife,lexical_hard_negative,"[1.0, 1.0, 2.0, 1.0, -0.0]","[0.0, 0.5, 1.0, 0.0, -1.0]"
776002d4090a11ebbdadac1f6bf848b6,2,3,10,11,Jazz Boat,11,12,The World and His Wife,lexical_hard_negative,"[1.0, 1.0, 2.0, 1.0, -0.0]","[0.0, 0.5, 1.0, 0.0, -1.0]"
776002d4090a11ebbdadac1f6bf848b6,3,4,10,11,Jazz Boat,11,12,The World and His Wife,lexical_hard_negative,"[1.0, 1.0, 2.0, 1.0, -0.0]","[0.0, 0.5, 1.0, 0.0, -1.0]"
776002d4090a11ebbdadac1f6bf848b6,4,5,10,11,Jazz Boat,11,12,The World and His Wife,lexical_hard_negative,"[1.0, 1.0, 2.0, 1.0, -0.0]","[0.0, 0.5, 1.0, 0.0, -1.0]"
cc3587140bdd11eba7f7acde48001122,1,2,10,11,Kaumualii,6,7,Obata Toramori,lexical_hard_negative,"[1.0, 1.0, 2.0, 1.0, -0.0]","[0.0, 0.5, 1.0, 1.0, -1.0]"
cc3587140bdd11eba7f7acde48001122,2,3,10,11,Kaumualii,6,7,Obata Toramori,lexical_hard_negative,"[1.0, 1.0, 2.0, 1.0, -0.0]","[0.0, 0.5, 1.0, 1.0, -1.0]"
cc3587140bdd11eba7f7acde48001122,3,4,10,11,Kaumualii,6,7,Obata Toramori,lexical_hard_negative,"[1.0, 1.0, 2.0, 1.0, -0.0]","[0.0, 0.5, 1.0, 1.0, -1.0]"
cc3587140bdd11eba7f7acde48001122,4,5,10,11,Kaumualii,6,7,Obata Toramori,lexical_hard_negative,"[1.0, 1.0, 2.0, 1.0, -0.0]","[0.0, 0.5, 1.0, 1.0, -1.0]"
f329c007089011ebbd72ac1f6bf848b6,3,4,6,7,Pedro Lazaga,5,6,Doris Wishman,lexical_hard_negative,"[1.0, 1.0, 4.0, 1.0, -0.0]","[0.0, 0.75, 3.0, 1.0, -1.0]"
f329c007089011ebbd72ac1f6bf848b6,4,5,6,7,Pedro Lazaga,5,6,Doris Wishman,lexical_hard_negative,"[1.0, 1.0, 4.0, 1.0, -0.0]","[0.0, 0.75, 3.0, 1.0, -1.0]"
ab622778089911ebbd77ac1f6bf848b6,1,2,5,6,Nabil Ayouch,6,7,Jean Grémillon,lexical_hard_negative,"[0.0, 0.5, 2.0, 1.0, -0.0]","[0.0, 0.25, 1.0, 0.3333333333333333, -1.0]"
ab622778089911ebbd77ac1f6bf848b6,2,3,5,6,Nabil Ayouch,6,7,Jean Grémillon,lexical_hard_negative,"[0.0, 0.75, 3.0, 1.0, -0.0]","[0.0, 0.5, 2.0, 0.6666666666666666, -1.0]"
ab622778089911ebbd77ac1f6bf848b6,3,4,5,6,Nabil Ayouch,6,7,Jean Grémillon,lexical_hard_negative,"[0.0, 0.75, 3.0, 1.0, -0.0]","[0.0, 0.5, 2.0, 0.6666666666666666, -1.0]"
ab622778089911ebbd77ac1f6bf848b6,4,5,5,6,Nabil Ayouch,6,7,Jean Grémillon,lexical_hard_negative,"[0.0, 0.75, 3.0, 1.0, -0.0]","[0.0, 0.5, 2.0, 0.6666666666666666, -1.0]"
897bcb4a0bb011ebab90acde48001122,0,1,5,6,Jan II of Oświęcim,7,8,Władysław of Oświęcim,lexical_hard_negative,"[1.0, 1.0, 2.0, 1.0, -0.0]","[0.0, 0.5, 1.0, 1.0, -1.0]"
897bcb4a0bb011ebab90acde48001122,2,3,5,6,Jan II of Oświęcim,7,8,Władysław of Oświęcim,lexical_hard_negative,"[1.0, 1.0, 2.0, 1.0, -0.0]","[0.0, 0.5, 1.0, 1.0, -1.0]"
897bcb4a0bb011ebab90acde48001122,3,4,5,6,Jan II of Oświęcim,7,8,Władysław of Oświęcim,lexical_hard_negative,"[1.0, 1.0, 2.0, 1.0, -0.0]","[0.0, 0.5, 1.0, 1.0, -1.0]"
897bcb4a0bb011ebab90acde48001122,4,5,5,6,Jan II of Oświęcim,7,8,Władysław of Oświęcim,lexical_hard_negative,"[1.0, 1.0, 2.0, 1.0, -0.0]","[0.0, 0.5, 1.0, 1.0, -1.0]"
5bdd3aec087d11ebbd6aac1f6bf848b6,1,2,16,17,Rohit Shetty,7,8,"Class of Nuke 'Em High 3: The Good, the Bad and the Subhumanoid",lexical_hard_negative,"[1.0, 1.0, 4.0, 1.0, -0.0]","[0.0, 0.75, 3.0, 1.0, -1.0]"
5bdd3aec087d11ebbd6aac1f6bf848b6,4,5,16,17,Rohit Shetty,7,8,"Class of Nuke 'Em High 3: The Good, the Bad and the Subhumanoid",lexical_hard_negative,"[1.0, 1.0, 4.0, 1.0, -0.0]","[0.0, 0.75, 3.0, 1.0, -1.0]"
858455fe087a11ebbd67ac1f6bf848b6,0,1,10,11,Ventura Pons,6,7,Satyajit Ray,lexical_hard_negative,"[0.0, 0.75, 3.0, 1.0, -0.0]","[0.0, 0.5, 2.0, 0.3333333333333333, -1.0]"
858455fe087a11ebbd67ac1f6bf848b6,1,2,10,11,Ventura Pons,6,7,Satyajit Ray,lexical_hard_negative,"[0.0, 0.75, 3.0, 1.0, -0.0]","[0.0, 0.5, 2.0, 0.6666666666666666, -1.0]"
858455fe087a11ebbd67ac1f6bf848b6,2,3,10,11,Ventura Pons,6,7,Satyajit Ray,lexical_hard_negative,"[0.0, 0.75, 3.0, 1.0, -0.0]","[0.0, 0.5, 2.0, 0.6666666666666666, -1.0]"
858455fe087a11ebbd67ac1f6bf848b6,3,4,10,11,Ventura Pons,6,7,Satyajit Ray,lexical_hard_negative,"[1.0, 1.0, 4.0, 1.0, -0.0]","[0.0, 0.75, 3.0, 0.6666666666666666, -1.0]"
858455fe087a11ebbd67ac1f6bf848b6,4,5,10,11,Ventura Pons,6,7,Satyajit Ray,lexical_hard_negative,"[1.0, 1.0, 4.0, 1.0, -0.0]","[0.0, 0.75, 3.0, 0.6666666666666666, -1.0]"
6ae33560087211ebbd65ac1f6bf848b6,3,4,11,12,Jason Michael Brescia,5,6,Romance on the Range,lexical_hard_negative,"[1.0, 1.0, 4.0, 1.0, -0.0]","[0.0, 0.75, 3.0, 1.0, -1.0]"
6ae33560087211ebbd65ac1f6bf848b6,4,5,11,12,Jason Michael Brescia,5,6,Romance on the Range,lexical_hard_negative,"[1.0, 1.0, 4.0, 1.0, -0.0]","[0.0, 0.75, 3.0, 1.0, -1.0]"
899ecc9e0bb011ebab90acde48001122,1,2,7,8,John Francis McLaren,5,6,"Victor Cavendish, 9th Duke of Devonshire",lexical_hard_negative,"[1.0, 1.0, 2.0, 1.0, -0.0]","[0.0, 0.5, 1.0, 1.0, -1.0]"
899ecc9e0bb011ebab90acde48001122,2,3,7,8,John Francis McLaren,5,6,"Victor Cavendish, 9th Duke of Devonshire",lexical_hard_negative,"[1.0, 1.0, 2.0, 1.0, -0.0]","[0.0, 0.5, 1.0, 1.0, -1.0]"
899ecc9e0bb011ebab90acde48001122,3,4,7,8,John Francis McLaren,5,6,"Victor Cavendish, 9th Duke of Devonshire",lexical_hard_negative,"[1.0, 1.0, 2.0, 1.0, -0.0]","[0.0, 0.5, 1.0, 1.0, -1.0]"
899ecc9e0bb011ebab90acde48001122,4,5,7,8,John Francis McLaren,5,6,"Victor Cavendish, 9th Duke of Devonshire",lexical_hard_negative,"[1.0, 1.0, 2.0, 1.0, -0.0]","[0.0, 0.5, 1.0, 1.0, -1.0]"
464cfa460bd911eba7f7acde48001122,1,2,10,11,Ken Burns,5,6,Fred Roy Krug,lexical_hard_negative,"[1.0, 1.0, 2.0, 1.0, -0.0]","[0.0, 0.5, 1.0, 1.0, -1.0]"
464cfa460bd911eba7f7acde48001122,2,3,10,11,Ken Burns,5,6,Fred Roy Krug,lexical_hard_negative,"[1.0, 1.0, 2.0, 1.0, -0.0]","[0.0, 0.5, 1.0, 1.0, -1.0]"
464cfa460bd911eba7f7acde48001122,3,4,10,11,Ken Burns,5,6,Fred Roy Krug,lexical_hard_negative,"[1.0, 1.0, 2.0, 1.0, -0.0]","[0.0, 0.5, 1.0, 1.0, -1.0]"
464cfa460bd911eba7f7acde48001122,4,5,10,11,Ken Burns,5,6,Fred Roy Krug,lexical_hard_negative,"[1.0, 1.0, 2.0, 1.0, -0.0]","[0.0, 0.5, 1.0, 1.0, -1.0]"
7b0abe460baf11ebab90acde48001122,0,1,5,6,Lugaid Íardonn,7,8,Conaing Bececlach,lexical_hard_negative,"[1.0, 1.0, 2.0, 1.0, -0.0]","[0.0, 0.5, 1.0, 1.0, -1.0]"
7b0abe460baf11ebab90acde48001122,2,3,5,6,Lugaid Íardonn,7,8,Conaing Bececlach,lexical_hard_negative,"[1.0, 1.0, 2.0, 1.0, -0.0]","[0.0, 0.5, 1.0, 1.0, -1.0]"
7b0abe460baf11ebab90acde48001122,3,4,5,6,Lugaid Íardonn,7,8,Conaing Bececlach,lexical_hard_negative,"[1.0, 1.0, 2.0, 1.0, -0.0]","[0.0, 0.5, 1.0, 1.0, -1.0]"
7b0abe460baf11ebab90acde48001122,4,5,5,6,Lugaid Íardonn,7,8,Conaing Bececlach,lexical_hard_negative,"[1.0, 1.0, 2.0, 1.0, -0.0]","[0.0, 0.5, 1.0, 1.0, -1.0]"
1ca3370c0bdc11eba7f7acde48001122,1,2,18,19,Bing Crosby,8,9,It's in the Bag,lexical_hard_negative,"[1.0, 1.0, 2.0, 1.0, -0.0]","[0.0, 0.5, 1.0, 1.0, -1.0]"
1ca3370c0bdc11eba7f7acde48001122,2,3,18,19,Bing Crosby,8,9,It's in the Bag,lexical_hard_negative,"[1.0, 1.0, 2.0, 1.0, -0.0]","[0.0, 0.5, 1.0, 1.0, -1.0]"
1ca3370c0bdc11eba7f7acde48001122,3,4,18,19,Bing Crosby,8,9,It's in the Bag,lexical_hard_negative,"[1.0, 1.0, 2.0, 1.0, -0.0]","[0.0, 0.5, 1.0, 1.0, -1.0]"
1ca3370c0bdc11eba7f7acde48001122,4,5,18,19,Bing Crosby,8,9,It's in the Bag,lexical_hard_negative,"[1.0, 1.0, 2.0, 1.0, -0.0]","[0.0, 0.5, 1.0, 1.0, -1.0]"
befd7f2008bf11ebbd8aac1f6bf848b6,0,1,5,6,Amir Temraz,12,13,Markus Weissenberger,lexical_hard_negative,"[0.0, 0.5, 1.0, 1.0, -0.0]","[0.0, 0.0, 0.0, 0.0, -1.0]"
befd7f2008bf11ebbd8aac1f6bf848b6,1,2,5,6,Amir Temraz,12,13,Markus Weissenberger,lexical_hard_negative,"[1.0, 1.0, 2.0, 1.0, -0.0]","[0.0, 0.5, 1.0, 0.0, -1.0]"
befd7f2008bf11ebbd8aac1f6bf848b6,2,3,5,6,Amir Temraz,12,13,Markus Weissenberger,lexical_hard_negative,"[1.0, 1.0, 2.0, 1.0, -0.0]","[0.0, 0.5, 1.0, 0.0, -1.0]"
befd7f2008bf11ebbd8aac1f6bf848b6,3,4,5,6,Amir Temraz,12,13,Markus Weissenberger,lexical_hard_negative,"[1.0, 1.0, 2.0, 1.0, -0.0]","[0.0, 0.5, 1.0, 0.0, -1.0]"
befd7f2008bf11ebbd8aac1f6bf848b6,4,5,5,6,Amir Temraz,12,13,Markus Weissenberger,lexical_hard_negative,"[1.0, 1.0, 2.0, 1.0, -0.0]","[0.0, 0.5, 1.0, 0.0, -1.0]"
fa11eeb4095a11ebbdaeac1f6bf848b6,1,2,6,7,China Bound,7,8,Star Wars: Threads of Destiny,lexical_hard_negative,"[1.0, 1.0, 2.0, 1.0, -0.0]","[0.0, 0.5, 1.0, 1.0, -1.0]"
fa11eeb4095a11ebbdaeac1f6bf848b6,2,3,6,7,China Bound,7,8,Star Wars: Threads of Destiny,lexical_hard_negative,"[1.0, 1.0, 2.0, 1.0, -0.0]","[0.0, 0.5, 1.0, 1.0, -1.0]"
fa11eeb4095a11ebbdaeac1f6bf848b6,3,4,6,7,China Bound,7,8,Star Wars: Threads of Destiny,lexical_hard_negative,"[1.0, 1.0, 2.0, 1.0, -0.0]","[0.0, 0.5, 1.0, 1.0, -1.0]"
fa11eeb4095a11ebbdaeac1f6bf848b6,4,5,6,7,China Bound,7,8,Star Wars: Threads of Destiny,lexical_hard_negative,"[1.0, 1.0, 2.0, 1.0, -0.0]","[0.0, 0.5, 1.0, 1.0, -1.0]"
07f2140e0bdc11eba7f7acde48001122,0,1,5,6,Titus Flavius Clemens (consul),7,8,Where Was I,lexical_hard_negative,"[1.0, 1.0, 2.0, 1.0, -0.0]","[0.0, 0.5, 1.0, 1.0, -1.0]"
07f2140e0bdc11eba7f7acde48001122,2,3,5,6,Titus Flavius Clemens (consul),7,8,Where Was I,lexical_hard_negative,"[1.0, 1.0, 2.0, 1.0, -0.0]","[0.0, 0.5, 1.0, 1.0, -1.0]"
07f2140e0bdc11eba7f7acde48001122,3,4,5,6,Titus Flavius Clemens (consul),7,8,Where Was I,lexical_hard_negative,"[1.0, 1.0, 2.0, 1.0, -0.0]","[0.0, 0.5, 1.0, 1.0, -1.0]"
07f2140e0bdc11eba7f7acde48001122,4,5,5,6,Titus Flavius Clemens (consul),7,8,Where Was I,lexical_hard_negative,"[1.0, 1.0, 2.0, 1.0, -0.0]","[0.0, 0.5, 1.0, 1.0, -1.0]"
86947bc20bdb11eba7f7acde48001122,1,2,6,7,Sergei Prokofiev,5,6,The Queen of Spades (1910 film),lexical_hard_negative,"[1.0, 1.0, 2.0, 1.0, -0.0]","[0.0, 0.5, 1.0, 1.0, -1.0]"
86947bc20bdb11eba7f7acde48001122,2,3,6,7,Sergei Prokofiev,5,6,The Queen of Spades (1910 film),lexical_hard_negative,"[1.0, 1.0, 2.0, 1.0, -0.0]","[0.0, 0.5, 1.0, 1.0, -1.0]"
86947bc20bdb11eba7f7acde48001122,3,4,6,7,Sergei Prokofiev,5,6,The Queen of Spades (1910 film),lexical_hard_negative,"[1.0, 1.0, 2.0, 1.0, -0.0]","[0.0, 0.5, 1.0, 1.0, -1.0]"
86947bc20bdb11eba7f7acde48001122,4,5,6,7,Sergei Prokofiev,5,6,The Queen of Spades (1910 film),lexical_hard_negative,"[1.0, 1.0, 2.0, 1.0, -0.0]","[0.0, 0.5, 1.0, 1.0, -1.0]"
0f26cc3508a711ebbd7fac1f6bf848b6,1,2,14,15,The Boss of Rustler's Roost,15,16,Killed the Family and Went to the Movies,lexical_hard_negative,"[1.0, 1.0, 2.0, 1.0, -0.0]","[0.0, 0.5, 1.0, 1.0, -1.0]"
0f26cc3508a711ebbd7fac1f6bf848b6,2,3,14,15,The Boss of Rustler's Roost,15,16,Killed the Family and Went to the Movies,lexical_hard_negative,"[1.0, 1.0, 2.0, 1.0, -0.0]","[0.0, 0.5, 1.0, 1.0, -1.0]"
0f26cc3508a711ebbd7fac1f6bf848b6,3,4,14,15,The Boss of Rustler's Roost,15,16,Killed the Family and Went to the Movies,lexical_hard_negative,"[1.0, 1.0, 2.0, 1.0, -0.0]","[0.0, 0.5, 1.0, 1.0, -1.0]"
0f26cc3508a711ebbd7fac1f6bf848b6,4,5,14,15,The Boss of Rustler's Roost,15,16,Killed the Family and Went to the Movies,lexical_hard_negative,"[1.0, 1.0, 2.0, 1.0, -0.0]","[0.0, 0.5, 1.0, 1.0, -1.0]"
eea5851e088c11ebbd70ac1f6bf848b6,2,3,5,6,Benny Chan (film director),6,7,Eddie Romero,lexical_hard_negative,"[0.0, 0.75, 3.0, 0.6666666666666666, -0.0]","[0.0, 0.5, 2.0, 0.6666666666666666, -1.0]"
eea5851e088c11ebbd70ac1f6bf848b6,3,4,5,6,Benny Chan (film director),6,7,Eddie Romero,lexical_hard_negative,"[0.0, 0.75, 3.0, 0.6666666666666666, -0.0]","[0.0, 0.5, 2.0, 0.6666666666666666, -1.0]"
eea5851e088c11ebbd70ac1f6bf848b6,4,5,5,6,Benny Chan (film director),6,7,Eddie Romero,lexical_hard_negative,"[0.0, 0.75, 3.0, 0.6666666666666666, -0.0]","[0.0, 0.5, 2.0, 0.6666666666666666, -1.0]"
81c09831088c11ebbd6fac1f6bf848b6,0,1,12,13,Duane Armstrong,11,12,The Warriors,lexical_hard_negative,"[1.0, 1.0, 2.0, 0.0, -0.0]","[0.0, 0.5, 1.0, 0.0, -1.0]"
81c09831088c11ebbd6fac1f6bf848b6,2,3,12,13,Duane Armstrong,11,12,The Warriors,lexical_hard_negative,"[1.0, 1.0, 2.0, 0.0, -0.0]","[0.0, 0.5, 1.0, 0.0, -1.0]"
81c09831088c11ebbd6fac1f6bf848b6,3,4,12,13,Duane Armstrong,11,12,The Warriors,lexical_hard_negative,"[1.0, 1.0, 2.0, 0.0, -0.0]","[0.0, 0.5, 1.0, 0.0, -1.0]"
81c09831088c11ebbd6fac1f6bf848b6,4,5,12,13,Duane Armstrong,11,12,The Warriors,lexical_hard_negative,"[1.0, 1.0, 2.0, 0.0, -0.0]","[0.0, 0.5, 1.0, 0.0, -1.0]"
cc66e2500bdd11eba7f7acde48001122,0,1,11,12,Fred Raymond,5,6,The Lilac Domino (film),lexical_hard_negative,"[1.0, 1.0, 2.0, 1.0, -0.0]","[0.0, 0.5, 1.0, 1.0, -1.0]"
cc66e2500bdd11eba7f7acde48001122,2,3,11,12,Fred Raymond,5,6,The Lilac Domino (film),lexical_hard_negative,"[1.0, 1.0, 2.0, 1.0, -0.0]","[0.0, 0.5, 1.0, 1.0, -1.0]"
cc66e2500bdd11eba7f7acde48001122,3,4,11,12,Fred Raymond,5,6,The Lilac Domino (film),lexical_hard_negative,"[1.0, 1.0, 2.0, 1.0, -0.0]","[0.0, 0.5, 1.0, 1.0, -1.0]"
cc66e2500bdd11eba7f7acde48001122,4,5,11,12,Fred Raymond,5,6,The Lilac Domino (film),lexical_hard_negative,"[1.0, 1.0, 2.0, 1.0, -0.0]","[0.0, 0.5, 1.0, 1.0, -1.0]"
c3e1ad9e090d11ebbdadac1f6bf848b6,1,2,6,7,A Man on His Knees,5,6,OSS 117 Mission for a Killer,lexical_hard_negative,"[1.0, 1.0, 2.0, 1.0, -0.0]","[0.0, 0.5, 1.0, 1.0, -1.0]"
c3e1ad9e090d11ebbdadac1f6bf848b6,2,3,6,7,A Man on His Knees,5,6,OSS 117 Mission for a Killer,lexical_hard_negative,"[1.0, 1.0, 2.0, 1.0, -0.0]","[0.0, 0.5, 1.0, 1.0, -1.0]"
c3e1ad9e090d11ebbdadac1f6bf848b6,3,4,6,7,A Man on His Knees,5,6,OSS 117 Mission for a Killer,lexical_hard_negative,"[1.0, 1.0, 2.0, 1.0, -0.0]","[0.0, 0.5, 1.0, 1.0, -1.0]"
c3e1ad9e090d11ebbdadac1f6bf848b6,4,5,6,7,A Man on His Knees,5,6,OSS 117 Mission for a Killer,lexical_hard_negative,"[1.0, 1.0, 2.0, 1.0, -0.0]","[0.0, 0.5, 1.0, 1.0, -1.0]"
3ced5368089311ebbd74ac1f6bf848b6,1,2,17,18,Wolf Rilla,8,9,Johnny on the Run,lexical_hard_negative,"[1.0, 1.0, 4.0, 1.0, -0.0]","[0.0, 0.75, 3.0, 1.0, -1.0]"
3ced5368089311ebbd74ac1f6bf848b6,3,4,17,18,Wolf Rilla,8,9,Johnny on the Run,lexical_hard_negative,"[1.0, 1.0, 4.0, 1.0, -0.0]","[0.0, 0.75, 3.0, 1.0, -1.0]"
29970e8e0baf11ebab90acde48001122,1,2,5,6,"Walter IV, Count of Brienne",6,7,"Erard I, Count of Brienne",lexical_hard_negative,"[1.0, 1.0, 2.0, 1.0, -0.0]","[0.0, 0.5, 1.0, 1.0, -1.0]"
29970e8e0baf11ebab90acde48001122,2,3,5,6,"Walter IV, Count of Brienne",6,7,"Erard I, Count of Brienne",lexical_hard_negative,"[1.0, 1.0, 2.0, 1.0, -0.0]","[0.0, 0.5, 1.0, 1.0, -1.0]"
29970e8e0baf11ebab90acde48001122,3,4,5,6,"Walter IV, Count of Brienne",6,7,"Erard I, Count of Brienne",lexical_hard_negative,"[1.0, 1.0, 2.0, 1.0, -0.0]","[0.0, 0.5, 1.0, 1.0, -1.0]"
29970e8e0baf11ebab90acde48001122,4,5,5,6,"Walter IV, Count of Brienne",6,7,"Erard I, Count of Brienne",lexical_hard_negative,"[1.0, 1.0, 2.0, 1.0, -0.0]","[0.0, 0.5, 1.0, 1.0, -1.0]"
f5175c840bdd11eba7f7acde48001122,1,2,10,11,Mehmed the Conqueror,5,6,Gülbahar Hatun (wife of Bayezid II),lexical_hard_negative,"[1.0, 1.0, 2.0, 1.0, -0.0]","[0.0, 0.5, 1.0, 1.0, -1.0]"
f5175c840bdd11eba7f7acde48001122,2,3,10,11,Mehmed the Conqueror,5,6,Gülbahar Hatun (wife of Bayezid II),lexical_hard_negative,"[1.0, 1.0, 2.0, 1.0, -0.0]","[0.0, 0.5, 1.0, 1.0, -1.0]"
f5175c840bdd11eba7f7acde48001122,3,4,10,11,Mehmed the Conqueror,5,6,Gülbahar Hatun (wife of Bayezid II),lexical_hard_negative,"[1.0, 1.0, 2.0, 1.0, -0.0]","[0.0, 0.5, 1.0, 1.0, -1.0]"
f5175c840bdd11eba7f7acde48001122,4,5,10,11,Mehmed the Conqueror,5,6,Gülbahar Hatun (wife of Bayezid II),lexical_hard_negative,"[1.0, 1.0, 2.0, 1.0, -0.0]","[0.0, 0.5, 1.0, 1.0, -1.0]"
aa73a9fb08b611ebbd88ac1f6bf848b6,3,4,7,8,Eddie Romero,9,10,The Mad Doctor of Market Street,lexical_hard_negative,"[1.0, 1.0, 4.0, 1.0, -0.0]","[0.0, 0.75, 3.0, 1.0, -1.0]"
aa73a9fb08b611ebbd88ac1f6bf848b6,4,5,7,8,Eddie Romero,9,10,The Mad Doctor of Market Street,lexical_hard_negative,"[1.0, 1.0, 4.0, 1.0, -0.0]","[0.0, 0.75, 3.0, 1.0, -1.0]"
567300700bdc11eba7f7acde48001122,1,2,10,11,Jay-Z,6,7,Let Me Out,lexical_hard_negative,"[1.0, 1.0, 2.0, 1.0, -0.0]","[0.0, 0.5, 1.0, 1.0, -1.0]"
567300700bdc11eba7f7acde48001122,2,3,10,11,Jay-Z,6,7,Let Me Out,lexical_hard_negative,"[1.0, 1.0, 2.0, 1.0, -0.0]","[0.0, 0.5, 1.0, 1.0, -1.0]"
567300700bdc11eba7f7acde48001122,3,4,10,11,Jay-Z,6,7,Let Me Out,lexical_hard_negative,"[1.0, 1.0, 2.0, 1.0, -0.0]","[0.0, 0.5, 1.0, 1.0, -1.0]"
567300700bdc11eba7f7acde48001122,4,5,10,11,Jay-Z,6,7,Let Me Out,lexical_hard_negative,"[1.0, 1.0, 2.0, 1.0, -0.0]","[0.0, 0.5, 1.0, 1.0, -1.0]"
4bda61000bda11eba7f7acde48001122,0,1,18,19,"Wriothesley Russell, 2nd Duke of Bedford",5,6,"Elizabeth Howard, Countess of Effingham",lexical_hard_negative,"[1.0, 1.0, 2.0, 1.0, -0.0]","[0.0, 0.5, 1.0, 1.0, -1.0]"
4bda61000bda11eba7f7acde48001122,2,3,18,19,"Wriothesley Russell, 2nd Duke of Bedford",5,6,"Elizabeth Howard, Countess of Effingham",lexical_hard_negative,"[1.0, 1.0, 2.0, 1.0, -0.0]","[0.0, 0.5, 1.0, 1.0, -1.0]"
4bda61000bda11eba7f7acde48001122,3,4,18,19,"Wriothesley Russell, 2nd Duke of Bedford",5,6,"Elizabeth Howard, Countess of Effingham",lexical_hard_negative,"[1.0, 1.0, 2.0, 1.0, -0.0]","[0.0, 0.5, 1.0, 1.0, -1.0]"
4bda61000bda11eba7f7acde48001122,4,5,18,19,"Wriothesley Russell, 2nd Duke of Bedford",5,6,"Elizabeth Howard, Countess of Effingham",lexical_hard_negative,"[1.0, 1.0, 2.0, 1.0, -0.0]","[0.0, 0.5, 1.0, 1.0, -1.0]"
2319739c0bde11eba7f7acde48001122,1,2,7,8,Agnes of Meissen,5,6,"William, Duke of Brunswick-Grubenhagen",lexical_hard_negative,"[1.0, 1.0, 2.0, 1.0, -0.0]","[0.0, 0.5, 1.0, 1.0, -1.0]"
2319739c0bde11eba7f7acde48001122,2,3,7,8,Agnes of Meissen,5,6,"William, Duke of Brunswick-Grubenhagen",lexical_hard_negative,"[1.0, 1.0, 2.0, 1.0, -0.0]","[0.0, 0.5, 1.0, 1.0, -1.0]"
2319739c0bde11eba7f7acde48001122,3,4,7,8,Agnes of Meissen,5,6,"William, Duke of Brunswick-Grubenhagen",lexical_hard_negative,"[1.0, 1.0, 2.0, 1.0, -0.0]","[0.0, 0.5, 1.0, 1.0, -1.0]"
2319739c0bde11eba7f7acde48001122,4,5,7,8,Agnes of Meissen,5,6,"William, Duke of Brunswick-Grubenhagen",lexical_hard_negative,"[1.0, 1.0, 2.0, 1.0, -0.0]","[0.0, 0.5, 1.0, 1.0, -1.0]"
6c0db92c08e211ebbda4ac1f6bf848b6,3,4,6,7,Éric Rohmer,7,8,Daddy or Mommy,lexical_hard_negative,"[1.0, 1.0, 4.0, 1.0, -0.0]","[0.0, 0.75, 3.0, 1.0, -1.0]"
6c0db92c08e211ebbda4ac1f6bf848b6,4,5,6,7,Éric Rohmer,7,8,Daddy or Mommy,lexical_hard_negative,"[1.0, 1.0, 4.0, 1.0, -0.0]","[0.0, 0.75, 3.0, 1.0, -1.0]"
6789c1140bdc11eba7f7acde48001122,1,2,16,17,Emperor Gaozong of Tang,5,6,Takayama Tomoteru,lexical_hard_negative,"[1.0, 1.0, 2.0, 1.0, -0.0]","[0.0, 0.5, 1.0, 1.0, -1.0]"
6789c1140bdc11eba7f7acde48001122,2,3,16,17,Emperor Gaozong of Tang,5,6,Takayama Tomoteru,lexical_hard_negative,"[1.0, 1.0, 2.0, 1.0, -0.0]","[0.0, 0.5, 1.0, 1.0, -1.0]"
6789c1140bdc11eba7f7acde48001122,3,4,16,17,Emperor Gaozong of Tang,5,6,Takayama Tomoteru,lexical_hard_negative,"[1.0, 1.0, 2.0, 1.0, -0.0]","[0.0, 0.5, 1.0, 1.0, -1.0]"
6789c1140bdc11eba7f7acde48001122,4,5,16,17,Emperor Gaozong of Tang,5,6,Takayama Tomoteru,lexical_hard_negative,"[1.0, 1.0, 2.0, 1.0, -0.0]","[0.0, 0.5, 1.0, 1.0, -1.0]"
695689d20baf11ebab90acde48001122,1,2,7,8,Aditya Chopra,5,6,Ananya Panday,lexical_hard_negative,"[1.0, 1.0, 2.0, 1.0, -0.0]","[0.0, 0.5, 1.0, 1.0, -1.0]"
695689d20baf11ebab90acde48001122,2,3,7,8,Aditya Chopra,5,6,Ananya Panday,lexical_hard_negative,"[1.0, 1.0, 2.0, 1.0, -0.0]","[0.0, 0.5, 1.0, 1.0, -1.0]"
695689d20baf11ebab90acde48001122,3,4,7,8,Aditya Chopra,5,6,Ananya Panday,lexical_hard_negative,"[1.0, 1.0, 2.0, 1.0, -0.0]","[0.0, 0.5, 1.0, 1.0, -1.0]"
695689d20baf11ebab90acde48001122,4,5,7,8,Aditya Chopra,5,6,Ananya Panday,lexical_hard_negative,"[1.0, 1.0, 2.0, 1.0, -0.0]","[0.0, 0.5, 1.0, 1.0, -1.0]"
d6003284088e11ebbd70ac1f6bf848b6,0,1,6,7,The Pirate's Dream,9,10,The Pirate (1984 film),lexical_hard_negative,"[0.0, 0.5, 1.0, 1.0, -0.0]","[0.0, 0.0, 0.0, 0.0, -1.0]"
d6003284088e11ebbd70ac1f6bf848b6,1,2,6,7,The Pirate's Dream,9,10,The Pirate (1984 film),lexical_hard_negative,"[1.0, 1.0, 2.0, 1.0, -0.0]","[0.0, 0.5, 1.0, 0.0, -1.0]"
d6003284088e11ebbd70ac1f6bf848b6,2,3,6,7,The Pirate's Dream,9,10,The Pirate (1984 film),lexical_hard_negative,"[1.0, 1.0, 2.0, 1.0, -0.0]","[0.0, 0.5, 1.0, 0.0, -1.0]"
d6003284088e11ebbd70ac1f6bf848b6,3,4,6,7,The Pirate's Dream,9,10,The Pirate (1984 film),lexical_hard_negative,"[1.0, 1.0, 2.0, 1.0, -0.0]","[0.0, 0.5, 1.0, 0.0, -1.0]"
d6003284088e11ebbd70ac1f6bf848b6,4,5,6,7,The Pirate's Dream,9,10,The Pirate (1984 film),lexical_hard_negative,"[1.0, 1.0, 2.0, 1.0, -0.0]","[0.0, 0.5, 1.0, 0.0, -1.0]"
aeeccb8e08d811ebbd9cac1f6bf848b6,0,1,5,6,Rohit Shetty,7,8,Ma femme s'appelle reviens,lexical_hard_negative,"[0.0, 0.75, 3.0, 1.0, -0.0]","[0.0, 0.5, 2.0, 0.3333333333333333, -1.0]"
aeeccb8e08d811ebbd9cac1f6bf848b6,1,2,5,6,Rohit Shetty,7,8,Ma femme s'appelle reviens,lexical_hard_negative,"[0.0, 0.75, 3.0, 1.0, -0.0]","[0.0, 0.5, 2.0, 0.6666666666666666, -1.0]"
aeeccb8e08d811ebbd9cac1f6bf848b6,2,3,5,6,Rohit Shetty,7,8,Ma femme s'appelle reviens,lexical_hard_negative,"[0.0, 0.75, 3.0, 1.0, -0.0]","[0.0, 0.5, 2.0, 0.6666666666666666, -1.0]"
aeeccb8e08d811ebbd9cac1f6bf848b6,3,4,5,6,Rohit Shetty,7,8,Ma femme s'appelle reviens,lexical_hard_negative,"[1.0, 1.0, 4.0, 1.0, -0.0]","[0.0, 0.75, 3.0, 0.6666666666666666, -1.0]"
aeeccb8e08d811ebbd9cac1f6bf848b6,4,5,5,6,Rohit Shetty,7,8,Ma femme s'appelle reviens,lexical_hard_negative,"[1.0, 1.0, 4.0, 1.0, -0.0]","[0.0, 0.75, 3.0, 0.6666666666666666, -1.0]"
aa7520b80baf11ebab90acde48001122,1,2,7,8,"Maurice, Prince of Orange",5,6,"Louis of Nassau, Lord of De Lek and Beverweerd",lexical_hard_negative,"[1.0, 1.0, 2.0, 1.0, -0.0]","[0.0, 0.5, 1.0, 1.0, -1.0]"
aa7520b80baf11ebab90acde48001122,2,3,7,8,"Maurice, Prince of Orange",5,6,"Louis of Nassau, Lord of De Lek and Beverweerd",lexical_hard_negative,"[1.0, 1.0, 2.0, 1.0, -0.0]","[0.0, 0.5, 1.0, 1.0, -1.0]"
aa7520b80baf11ebab90acde48001122,3,4,7,8,"Maurice, Prince of Orange",5,6,"Louis of Nassau, Lord of De Lek and Beverweerd",lexical_hard_negative,"[1.0, 1.0, 2.0, 1.0, -0.0]","[0.0, 0.5, 1.0, 1.0, -1.0]"
aa7520b80baf11ebab90acde48001122,4,5,7,8,"Maurice, Prince of Orange",5,6,"Louis of Nassau, Lord of De Lek and Beverweerd",lexical_hard_negative,"[1.0, 1.0, 2.0, 1.0, -0.0]","[0.0, 0.5, 1.0, 1.0, -1.0]"
491a36140bdc11eba7f7acde48001122,1,2,14,15,Jerry Gray (arranger),6,7,Where Was I,lexical_hard_negative,"[1.0, 1.0, 2.0, 1.0, -0.0]","[0.0, 0.5, 1.0, 1.0, -1.0]"
491a36140bdc11eba7f7acde48001122,2,3,14,15,Jerry Gray (arranger),6,7,Where Was I,lexical_hard_negative,"[1.0, 1.0, 2.0, 1.0, -0.0]","[0.0, 0.5, 1.0, 1.0, -1.0]"
491a36140bdc11eba7f7acde48001122,3,4,14,15,Jerry Gray (arranger),6,7,Where Was I,lexical_hard_negative,"[1.0, 1.0, 2.0, 1.0, -0.0]","[0.0, 0.5, 1.0, 1.0, -1.0]"
491a36140bdc11eba7f7acde48001122,4,5,14,15,Jerry Gray (arranger),6,7,Where Was I,lexical_hard_negative,"[1.0, 1.0, 2.0, 1.0, -0.0]","[0.0, 0.5, 1.0, 1.0, -1.0]"
84d024380bdd11eba7f7acde48001122,0,1,5,6,Karel Lamač,6,7,Peter Glenville,lexical_hard_negative,"[1.0, 1.0, 2.0, 1.0, -0.0]","[0.0, 0.5, 1.0, 1.0, -1.0]"
84d024380bdd11eba7f7acde48001122,2,3,5,6,Karel Lamač,6,7,Peter Glenville,lexical_hard_negative,"[1.0, 1.0, 2.0, 1.0, -0.0]","[0.0, 0.5, 1.0, 1.0, -1.0]"
84d024380bdd11eba7f7acde48001122,3,4,5,6,Karel Lamač,6,7,Peter Glenville,lexical_hard_negative,"[1.0, 1.0, 2.0, 1.0, -0.0]","[0.0, 0.5, 1.0, 1.0, -1.0]"
84d024380bdd11eba7f7acde48001122,4,5,5,6,Karel Lamač,6,7,Peter Glenville,lexical_hard_negative,"[1.0, 1.0, 2.0, 1.0, -0.0]","[0.0, 0.5, 1.0, 1.0, -1.0]"
08b4d30e08d511ebbd98ac1f6bf848b6,0,1,6,7,Scott Shaw,5,6,Ann Hui,lexical_hard_negative,"[0.0, 0.5, 2.0, 1.0, -0.0]","[0.0, 0.25, 1.0, 0.3333333333333333, -1.0]"
08b4d30e08d511ebbd98ac1f6bf848b6,2,3,6,7,Scott Shaw,5,6,Ann Hui,lexical_hard_negative,"[0.0, 0.75, 3.0, 1.0, -0.0]","[0.0, 0.5, 2.0, 0.6666666666666666, -1.0]"
08b4d30e08d511ebbd98ac1f6bf848b6,3,4,6,7,Scott Shaw,5,6,Ann Hui,lexical_hard_negative,"[0.0, 0.75, 3.0, 1.0, -0.0]","[0.0, 0.5, 2.0, 0.6666666666666666, -1.0]"
08b4d30e08d511ebbd98ac1f6bf848b6,4,5,6,7,Scott Shaw,5,6,Ann Hui,lexical_hard_negative,"[0.0, 0.75, 3.0, 1.0, -0.0]","[0.0, 0.5, 2.0, 0.6666666666666666, -1.0]"
5a7b4936088d11ebbd70ac1f6bf848b6,3,4,5,6,Sergio Nasca,6,7,Duilio Coletti,lexical_hard_negative,"[1.0, 1.0, 4.0, 1.0, -0.0]","[0.0, 0.75, 3.0, 1.0, -1.0]"
5a7b4936088d11ebbd70ac1f6bf848b6,4,5,5,6,Sergio Nasca,6,7,Duilio Coletti,lexical_hard_negative,"[1.0, 1.0, 4.0, 1.0, -0.0]","[0.0, 0.75, 3.0, 1.0, -1.0]"
c3bddf240baf11ebab90acde48001122,1,2,9,10,Emperor Gaozong of Tang,14,15,Li Rubai,lexical_hard_negative,"[1.0, 1.0, 2.0, 1.0, -0.0]","[0.0, 0.5, 1.0, 1.0, -1.0]"
c3bddf240baf11ebab90acde48001122,2,3,9,10,Emperor Gaozong of Tang,14,15,Li Rubai,lexical_hard_negative,"[1.0, 1.0, 2.0, 1.0, -0.0]","[0.0, 0.5, 1.0, 1.0, -1.0]"
c3bddf240baf11ebab90acde48001122,3,4,9,10,Emperor Gaozong of Tang,14,15,Li Rubai,lexical_hard_negative,"[1.0, 1.0, 2.0, 1.0, -0.0]","[0.0, 0.5, 1.0, 1.0, -1.0]"
c3bddf240baf11ebab90acde48001122,4,5,9,10,Emperor Gaozong of Tang,14,15,Li Rubai,lexical_hard_negative,"[1.0, 1.0, 2.0, 1.0, -0.0]","[0.0, 0.5, 1.0, 1.0, -1.0]"
7574702a08b811ebbd88ac1f6bf848b6,0,1,11,12,Charles Crichton,5,6,Roy Rowland (film director),lexical_hard_negative,"[0.0, 0.75, 3.0, 1.0, -0.0]","[0.0, 0.5, 2.0, 0.3333333333333333, -1.0]"
7574702a08b811ebbd88ac1f6bf848b6,1,2,11,12,Charles Crichton,5,6,Roy Rowland (film director),lexical_hard_negative,"[0.0, 0.75, 3.0, 1.0, -0.0]","[0.0, 0.5, 2.0, 0.6666666666666666, -1.0]"
7574702a08b811ebbd88ac1f6bf848b6,2,3,11,12,Charles Crichton,5,6,Roy Rowland (film director),lexical_hard_negative,"[0.0, 0.75, 3.0, 1.0, -0.0]","[0.0, 0.5, 2.0, 0.6666666666666666, -1.0]"
7574702a08b811ebbd88ac1f6bf848b6,3,4,11,12,Charles Crichton,5,6,Roy Rowland (film director),lexical_hard_negative,"[1.0, 1.0, 4.0, 1.0, -0.0]","[0.0, 0.75, 3.0, 0.6666666666666666, -1.0]"
7574702a08b811ebbd88ac1f6bf848b6,4,5,11,12,Charles Crichton,5,6,Roy Rowland (film director),lexical_hard_negative,"[1.0, 1.0, 4.0, 1.0, -0.0]","[0.0, 0.75, 3.0, 0.6666666666666666, -1.0]"
453be8e608c411ebbd8eac1f6bf848b6,2,3,7,8,Laurence Trimble,5,6,Eugene Chaplin,lexical_hard_negative,"[0.0, 0.75, 3.0, 0.6666666666666666, -0.0]","[0.0, 0.5, 2.0, 0.6666666666666666, -1.0]"
453be8e608c411ebbd8eac1f6bf848b6,3,4,7,8,Laurence Trimble,5,6,Eugene Chaplin,lexical_hard_negative,"[0.0, 0.75, 3.0, 0.6666666666666666, -0.0]","[0.0, 0.5, 2.0, 0.6666666666666666, -1.0]"
453be8e608c411ebbd8eac1f6bf848b6,4,5,7,8,Laurence Trimble,5,6,Eugene Chaplin,lexical_hard_negative,"[0.0, 0.75, 3.0, 0.6666666666666666, -0.0]","[0.0, 0.5, 2.0, 0.6666666666666666, -1.0]"
f377a0fc089311ebbd75ac1f6bf848b6,0,1,6,7,Steno (director),5,6,Bertrand Tavernier,lexical_hard_negative,"[0.0, 0.75, 3.0, 1.0, -0.0]","[0.0, 0.5, 2.0, 0.3333333333333333, -1.0]"
f377a0fc089311ebbd75ac1f6bf848b6,1,2,6,7,Steno (director),5,6,Bertrand Tavernier,lexical_hard_negative,"[0.0, 0.75, 3.0, 1.0, -0.0]","[0.0, 0.5, 2.0, 0.6666666666666666, -1.0]"
f377a0fc089311ebbd75ac1f6bf848b6,2,3,6,7,Steno (director),5,6,Bertrand Tavernier,lexical_hard_negative,"[0.0, 0.75, 3.0, 1.0, -0.0]","[0.0, 0.5, 2.0, 0.6666666666666666, -1.0]"
f377a0fc089311ebbd75ac1f6bf848b6,3,4,6,7,Steno (director),5,6,Bertrand Tavernier,lexical_hard_negative,"[1.0, 1.0, 4.0, 1.0, -0.0]","[0.0, 0.75, 3.0, 0.6666666666666666, -1.0]"
f377a0fc089311ebbd75ac1f6bf848b6,4,5,6,7,Steno (director),5,6,Bertrand Tavernier,lexical_hard_negative,"[1.0, 1.0, 4.0, 1.0, -0.0]","[0.0, 0.75, 3.0, 0.6666666666666666, -1.0]"
d13ac3f40bd911eba7f7acde48001122,1,2,11,12,Bayezid II,5,6,Emine Hatun,lexical_hard_negative,"[1.0, 1.0, 2.0, 1.0, -0.0]","[0.0, 0.5, 1.0, 1.0, -1.0]"
d13ac3f40bd911eba7f7acde48001122,2,3,11,12,Bayezid II,5,6,Emine Hatun,lexical_hard_negative,"[1.0, 1.0, 2.0, 1.0, -0.0]","[0.0, 0.5, 1.0, 1.0, -1.0]"
d13ac3f40bd911eba7f7acde48001122,3,4,11,12,Bayezid II,5,6,Emine Hatun,lexical_hard_negative,"[1.0, 1.0, 2.0, 1.0, -0.0]","[0.0, 0.5, 1.0, 1.0, -1.0]"
d13ac3f40bd911eba7f7acde48001122,4,5,11,12,Bayezid II,5,6,Emine Hatun,lexical_hard_negative,"[1.0, 1.0, 2.0, 1.0, -0.0]","[0.0, 0.5, 1.0, 1.0, -1.0]"
9c082fdc088211ebbd6dac1f6bf848b6,0,1,5,6,Won in the Clouds,6,7,Anthony Mann,lexical_hard_negative,"[0.0, 0.5, 2.0, 1.0, -0.0]","[0.0, 0.25, 1.0, 0.5, -1.0]"
9c082fdc088211ebbd6dac1f6bf848b6,1,2,5,6,Won in the Clouds,6,7,Anthony Mann,lexical_hard_negative,"[0.0, 0.75, 3.0, 1.0, -0.0]","[0.0, 0.5, 2.0, 0.5, -1.0]"
9c082fdc088211ebbd6dac1f6bf848b6,2,3,5,6,Won in the Clouds,6,7,Anthony Mann,lexical_hard_negative,"[0.0, 0.5, 2.0, 1.0, -0.0]","[0.0, 0.25, 1.0, 0.5, -1.0]"
9c082fdc088211ebbd6dac1f6bf848b6,3,4,5,6,Won in the Clouds,6,7,Anthony Mann,lexical_hard_negative,"[0.0, 0.75, 3.0, 1.0, -0.0]","[0.0, 0.5, 2.0, 0.5, -1.0]"
9c082fdc088211ebbd6dac1f6bf848b6,4,5,5,6,Won in the Clouds,6,7,Anthony Mann,lexical_hard_negative,"[0.0, 0.75, 3.0, 1.0, -0.0]","[0.0, 0.5, 2.0, 0.5, -1.0]"
86a16fb4086411ebbd5eac1f6bf848b6,0,1,5,6,Sam Newfield,6,7,Lesley Selander,lexical_hard_negative,"[0.0, 0.5, 2.0, 1.0, -0.0]","[0.0, 0.25, 1.0, 0.6666666666666666, -1.0]"
86a16fb4086411ebbd5eac1f6bf848b6,1,2,5,6,Sam Newfield,6,7,Lesley Selander,lexical_hard_negative,"[0.0, 0.5, 2.0, 1.0, -0.0]","[0.0, 0.25, 1.0, 0.3333333333333333, -1.0]"
86a16fb4086411ebbd5eac1f6bf848b6,2,3,5,6,Sam Newfield,6,7,Lesley Selander,lexical_hard_negative,"[0.0, 0.75, 3.0, 1.0, -0.0]","[0.0, 0.5, 2.0, 0.6666666666666666, -1.0]"
86a16fb4086411ebbd5eac1f6bf848b6,3,4,5,6,Sam Newfield,6,7,Lesley Selander,lexical_hard_negative,"[0.0, 0.75, 3.0, 1.0, -0.0]","[0.0, 0.5, 2.0, 0.6666666666666666, -1.0]"
86a16fb4086411ebbd5eac1f6bf848b6,4,5,5,6,Sam Newfield,6,7,Lesley Selander,lexical_hard_negative,"[0.0, 0.75, 3.0, 1.0, -0.0]","[0.0, 0.5, 2.0, 0.6666666666666666, -1.0]"
3314f9f708c311ebbd8dac1f6bf848b6,3,4,13,14,Natalie Bible',5,6,Gurinder Chadha,lexical_hard_negative,"[1.0, 1.0, 4.0, 1.0, -0.0]","[0.0, 0.75, 3.0, 1.0, -1.0]"
3314f9f708c311ebbd8dac1f6bf848b6,4,5,13,14,Natalie Bible',5,6,Gurinder Chadha,lexical_hard_negative,"[1.0, 1.0, 4.0, 1.0, -0.0]","[0.0, 0.75, 3.0, 1.0, -1.0]"
a605c3e20bdd11eba7f7acde48001122,1,2,5,6,Bolesław III the Generous,7,8,Casimir I of Oświęcim,lexical_hard_negative,"[1.0, 1.0, 2.0, 1.0, -0.0]","[0.0, 0.5, 1.0, 1.0, -1.0]"
a605c3e20bdd11eba7f7acde48001122,2,3,5,6,Bolesław III the Generous,7,8,Casimir I of Oświęcim,lexical_hard_negative,"[1.0, 1.0, 2.0, 1.0, -0.0]","[0.0, 0.5, 1.0, 1.0, -1.0]"
a605c3e20bdd11eba7f7acde48001122,3,4,5,6,Bolesław III the Generous,7,8,Casimir I of Oświęcim,lexical_hard_negative,"[1.0, 1.0, 2.0, 1.0, -0.0]","[0.0, 0.5, 1.0, 1.0, -1.0]"
a605c3e20bdd11eba7f7acde48001122,4,5,5,6,Bolesław III the Generous,7,8,Casimir I of Oświęcim,lexical_hard_negative,"[1.0, 1.0, 2.0, 1.0, -0.0]","[0.0, 0.5, 1.0, 1.0, -1.0]"
17874a43097411ebbdb0ac1f6bf848b6,1,2,7,8,Selo sanatoriya imeni Chekhova,5,6,"Donskoye, Lipetsk Oblast",lexical_hard_negative,"[1.0, 1.0, 2.0, 0.0, -0.0]","[0.0, 0.5, 1.0, 0.0, -1.0]"
17874a43097411ebbdb0ac1f6bf848b6,2,3,7,8,Selo sanatoriya imeni Chekhova,5,6,"Donskoye, Lipetsk Oblast",lexical_hard_negative,"[1.0, 1.0, 2.0, 0.0, -0.0]","[0.0, 0.5, 1.0, 0.0, -1.0]"
17874a43097411ebbdb0ac1f6bf848b6,3,4,7,8,Selo sanatoriya imeni Chekhova,5,6,"Donskoye, Lipetsk Oblast",lexical_hard_negative,"[1.0, 1.0, 2.0, 0.0, -0.0]","[0.0, 0.5, 1.0, 0.0, -1.0]"
17874a43097411ebbdb0ac1f6bf848b6,4,5,7,8,Selo sanatoriya imeni Chekhova,5,6,"Donskoye, Lipetsk Oblast",lexical_hard_negative,"[1.0, 1.0, 2.0, 0.0, -0.0]","[0.0, 0.5, 1.0, 0.0, -1.0]"
a018c8a40bdc11eba7f7acde48001122,1,2,11,12,Archduke Leopold Salvator of Austria,5,6,Archduchess Maria Antonia of Austria (1858–1883),lexical_hard_negative,"[1.0, 1.0, 2.0, 1.0, -0.0]","[0.0, 0.5, 1.0, 1.0, -1.0]"
a018c8a40bdc11eba7f7acde48001122,2,3,11,12,Archduke Leopold Salvator of Austria,5,6,Archduchess Maria Antonia of Austria (1858–1883),lexical_hard_negative,"[1.0, 1.0, 2.0, 1.0, -0.0]","[0.0, 0.5, 1.0, 1.0, -1.0]"
a018c8a40bdc11eba7f7acde48001122,3,4,11,12,Archduke Leopold Salvator of Austria,5,6,Archduchess Maria Antonia of Austria (1858–1883),lexical_hard_negative,"[1.0, 1.0, 2.0, 1.0, -0.0]","[0.0, 0.5, 1.0, 1.0, -1.0]"
a018c8a40bdc11eba7f7acde48001122,4,5,11,12,Archduke Leopold Salvator of Austria,5,6,Archduchess Maria Antonia of Austria (1858–1883),lexical_hard_negative,"[1.0, 1.0, 2.0, 1.0, -0.0]","[0.0, 0.5, 1.0, 1.0, -1.0]"
