dataset,query_index,method,gold_title,source_best_gold_rank,hit_at_5,new_hit_at_5,selected_titles_json
MuSiQue,8,dbec_selective,Battle of New Orleans,71,0,0,"[""III (Stanton Moore album)"", ""Primo Riccitelli"", ""Battle of Korytsa"", ""Philip III of Spain"", ""Charles Russell Lowell""]"
MuSiQue,8,rankgpt_rank5_no_think,Battle of New Orleans,71,0,0,"[""III (Stanton Moore album)"", ""Philip III of Spain"", ""Franco-Prussian War"", ""Ali"", ""Battle of Alto de los Godos""]"
MuSiQue,8,rankgpt_select5_no_think,Battle of New Orleans,71,0,0,"[""III (Stanton Moore album)"", ""Philip III of Spain"", ""Battle of Uhud"", ""Franco-Prussian War"", ""Robert Munford III""]"
MuSiQue,8,setr_faithful,Battle of New Orleans,71,0,0,"[""Battle of Korytsa"", ""Franco-Prussian War"", ""Philip III of Spain"", ""Charles Russell Lowell"", ""Battle of the Border""]"
MuSiQue,8,source_order,Battle of New Orleans,71,0,0,"[""Battle of Korytsa"", ""Philip III of Spain"", ""Charles Russell Lowell"", ""Battle of the Border"", ""William Shakespeare""]"
MuSiQue,24,dbec_selective,Paula Santiago,18,0,0,"[""John Cabot"", ""César Gaytan"", ""Sebastian Cabot (explorer)"", ""Pedro Álvares Cabral"", ""Francisco de Eliza""]"
MuSiQue,24,rankgpt_rank5_no_think,Paula Santiago,18,0,0,"[""John Cabot"", ""Sebastian Cabot (explorer)"", ""Exploration of North America"", ""Gibbs Point"", ""Pedro Álvares Cabral""]"
MuSiQue,24,rankgpt_select5_no_think,Paula Santiago,18,0,0,"[""John Cabot"", ""Exploration of North America"", ""Pedro Álvares Cabral"", ""Northwest Passage"", ""Leonora Dori""]"
MuSiQue,24,setr_faithful,Paula Santiago,18,0,0,"[""Sebastian Cabot (explorer)"", ""John Cabot"", ""Exploration of North America"", ""César Gaytan"", ""Pedro Álvares Cabral""]"
MuSiQue,24,source_order,Paula Santiago,18,0,0,"[""César Gaytan"", ""Sebastian Cabot (explorer)"", ""Pedro Álvares Cabral"", ""Francisco de Eliza"", ""Giovanni Battista Caviglia""]"
MuSiQue,28,dbec_selective,Imperialism,7,0,0,"[""Korean War"", ""Central Intelligence Agency"", ""Central Intelligence Agency"", ""Korean War"", ""Korean War""]"
MuSiQue,28,rankgpt_rank5_no_think,Imperialism,7,0,0,"[""Central Intelligence Agency"", ""Korean War"", ""Korean War"", ""Korean War"", ""Korean War""]"
MuSiQue,28,rankgpt_select5_no_think,Imperialism,7,0,0,"[""Central Intelligence Agency"", ""Korean War"", ""Korean War"", ""Korean War"", ""Korean War""]"
MuSiQue,28,setr_faithful,Imperialism,7,0,0,"[""Central Intelligence Agency"", ""Korean War"", ""Korean War"", ""Central Intelligence Agency"", ""Korean War""]"
MuSiQue,28,source_order,Imperialism,7,0,0,"[""Central Intelligence Agency"", ""Korean War"", ""Central Intelligence Agency"", ""Korean War"", ""Korean War""]"
MuSiQue,39,dbec_selective,World Series,58,0,0,"[""Major League Baseball draft"", ""Major League Baseball Most Valuable Player Award"", ""1999 Major League Baseball draft"", ""Major League Baseball draft"", ""Hart Memorial Trophy""]"
MuSiQue,39,rankgpt_rank5_no_think,World Series,58,0,0,"[""1999 Major League Baseball draft"", ""Major League Baseball Most Valuable Player Award"", ""World Series Most Valuable Player Award"", ""Hart Memorial Trophy"", ""Major League Baseball draft""]"
MuSiQue,39,rankgpt_select5_no_think,World Series,58,0,0,"[""1999 Major League Baseball draft"", ""Major League Baseball Most Valuable Player Award"", ""Hart Memorial Trophy"", ""World Series Most Valuable Player Award"", ""Willie Mays""]"
MuSiQue,39,setr_faithful,World Series,58,0,0,"[""1999 Major League Baseball draft"", ""Major League Baseball Most Valuable Player Award"", ""Hart Memorial Trophy"", ""Major League Baseball draft"", ""Major League Baseball draft""]"
MuSiQue,39,source_order,World Series,58,0,0,"[""Major League Baseball draft"", ""Hart Memorial Trophy"", ""Major League Baseball draft"", ""World Series Most Valuable Player Award"", ""Major League Baseball Most Valuable Player Award""]"
MuSiQue,39,dbec_selective,New York Yankees,51,0,0,"[""Major League Baseball draft"", ""Major League Baseball Most Valuable Player Award"", ""1999 Major League Baseball draft"", ""Major League Baseball draft"", ""Hart Memorial Trophy""]"
MuSiQue,39,rankgpt_rank5_no_think,New York Yankees,51,0,0,"[""1999 Major League Baseball draft"", ""Major League Baseball Most Valuable Player Award"", ""World Series Most Valuable Player Award"", ""Hart Memorial Trophy"", ""Major League Baseball draft""]"
MuSiQue,39,rankgpt_select5_no_think,New York Yankees,51,0,0,"[""1999 Major League Baseball draft"", ""Major League Baseball Most Valuable Player Award"", ""Hart Memorial Trophy"", ""World Series Most Valuable Player Award"", ""Willie Mays""]"
MuSiQue,39,setr_faithful,New York Yankees,51,0,0,"[""1999 Major League Baseball draft"", ""Major League Baseball Most Valuable Player Award"", ""Hart Memorial Trophy"", ""Major League Baseball draft"", ""Major League Baseball draft""]"
MuSiQue,39,source_order,New York Yankees,51,0,0,"[""Major League Baseball draft"", ""Hart Memorial Trophy"", ""Major League Baseball draft"", ""World Series Most Valuable Player Award"", ""Major League Baseball Most Valuable Player Award""]"
MuSiQue,55,dbec_selective,Saudi Arabia,75,0,0,"[""History of Saudi Arabia"", ""Israel"", ""Water resources"", ""Israel"", ""Israel""]"
MuSiQue,55,rankgpt_rank5_no_think,Saudi Arabia,75,0,0,"[""Near East"", ""1948 Arab–Israeli War"", ""Kingdom of Israel (united monarchy)"", ""Kingdom of Judah"", ""Middle East""]"
MuSiQue,55,rankgpt_select5_no_think,Saudi Arabia,75,0,0,"[""Near East"", ""Hevel Eilot Regional Council"", ""Geography of Saudi Arabia"", ""Al Lith"", ""Kingdom of Israel (united monarchy)""]"
MuSiQue,55,setr_faithful,Saudi Arabia,75,0,0,"[""Israel"", ""Near East"", ""Jordan"", ""Water resources"", ""Israel""]"
MuSiQue,55,source_order,Saudi Arabia,75,0,0,"[""Water resources"", ""Israel"", ""Israel"", ""Israel"", ""Near East""]"
MuSiQue,55,dbec_selective,Geography of Saudi Arabia,27,0,0,"[""History of Saudi Arabia"", ""Israel"", ""Water resources"", ""Israel"", ""Israel""]"
MuSiQue,55,rankgpt_rank5_no_think,Geography of Saudi Arabia,27,0,0,"[""Near East"", ""1948 Arab–Israeli War"", ""Kingdom of Israel (united monarchy)"", ""Kingdom of Judah"", ""Middle East""]"
MuSiQue,55,rankgpt_select5_no_think,Geography of Saudi Arabia,27,1,1,"[""Near East"", ""Hevel Eilot Regional Council"", ""Geography of Saudi Arabia"", ""Al Lith"", ""Kingdom of Israel (united monarchy)""]"
MuSiQue,55,setr_faithful,Geography of Saudi Arabia,27,0,0,"[""Israel"", ""Near East"", ""Jordan"", ""Water resources"", ""Israel""]"
MuSiQue,55,source_order,Geography of Saudi Arabia,27,0,0,"[""Water resources"", ""Israel"", ""Israel"", ""Israel"", ""Near East""]"
MuSiQue,59,dbec_selective,Reformation,5,0,0,"[""John Kodwo Amissah"", ""Mary, mother of Jesus"", ""Mary, mother of Jesus"", ""Henry Scott Holland"", ""Mary, mother of Jesus""]"
MuSiQue,59,rankgpt_rank5_no_think,Reformation,5,0,0,"[""John Kodwo Amissah"", ""Mary, mother of Jesus"", ""Wittenberg (district)"", ""Bernhard Lichtenberg"", ""Cathedral of Saint Mary of the Immaculate Conception (Lafayette, Indiana)""]"
MuSiQue,59,rankgpt_select5_no_think,Reformation,5,0,0,"[""John Kodwo Amissah"", ""Mary, mother of Jesus"", ""Ambroise-Marie Carré"", ""Wittenberg (district)"", ""Bernhard Lichtenberg""]"
MuSiQue,59,setr_faithful,Reformation,5,0,0,"[""John Kodwo Amissah"", ""A River Runs Through It (film)"", ""Ambroise-Marie Carré"", ""Mary, mother of Jesus"", ""Mary, mother of Jesus""]"
MuSiQue,59,source_order,Reformation,5,0,0,"[""John Kodwo Amissah"", ""Mary, mother of Jesus"", ""Mary, mother of Jesus"", ""Henry Scott Holland"", ""Mary, mother of Jesus""]"
MuSiQue,59,dbec_selective,Wittenberg (district),27,0,0,"[""John Kodwo Amissah"", ""Mary, mother of Jesus"", ""Mary, mother of Jesus"", ""Henry Scott Holland"", ""Mary, mother of Jesus""]"
MuSiQue,59,rankgpt_rank5_no_think,Wittenberg (district),27,1,1,"[""John Kodwo Amissah"", ""Mary, mother of Jesus"", ""Wittenberg (district)"", ""Bernhard Lichtenberg"", ""Cathedral of Saint Mary of the Immaculate Conception (Lafayette, Indiana)""]"
MuSiQue,59,rankgpt_select5_no_think,Wittenberg (district),27,1,1,"[""John Kodwo Amissah"", ""Mary, mother of Jesus"", ""Ambroise-Marie Carré"", ""Wittenberg (district)"", ""Bernhard Lichtenberg""]"
MuSiQue,59,setr_faithful,Wittenberg (district),27,0,0,"[""John Kodwo Amissah"", ""A River Runs Through It (film)"", ""Ambroise-Marie Carré"", ""Mary, mother of Jesus"", ""Mary, mother of Jesus""]"
MuSiQue,59,source_order,Wittenberg (district),27,0,0,"[""John Kodwo Amissah"", ""Mary, mother of Jesus"", ""Mary, mother of Jesus"", ""Henry Scott Holland"", ""Mary, mother of Jesus""]"
MuSiQue,69,dbec_selective,"Tucson, Arizona",94,0,0,"[""Mingus Plays Piano"", ""Oklahoma City"", ""Desert Diamond West Valley Phoenix Grand Prix"", ""Oklahoma City"", ""Indiana""]"
MuSiQue,69,rankgpt_rank5_no_think,"Tucson, Arizona",94,0,0,"[""Charles Mingus"", ""Indiana"", ""Oklahoma City"", ""Oklahoma City"", ""2018 Indianapolis 500""]"
MuSiQue,69,rankgpt_select5_no_think,"Tucson, Arizona",94,0,0,"[""Charles Mingus"", ""Indiana"", ""Oklahoma City"", ""Pinellas County, Florida"", ""Desert Diamond West Valley Phoenix Grand Prix""]"
MuSiQue,69,setr_faithful,"Tucson, Arizona",94,0,0,"[""Mingus Plays Piano"", ""Indiana"", ""Charles Mingus"", ""Arizona"", ""Zarqa Governorate""]"
MuSiQue,69,source_order,"Tucson, Arizona",94,0,0,"[""Mingus Plays Piano"", ""Indiana"", ""Arizona"", ""Zarqa Governorate"", ""Charles Mingus""]"
MuSiQue,74,dbec_selective,Mississippi River,50,0,0,"[""Minneapolis"", ""Write This Down (band)"", ""J. David Irwin"", ""Missouri"", ""Astronautalis""]"
MuSiQue,74,rankgpt_rank5_no_think,Mississippi River,50,1,1,"[""Write This Down (band)"", ""Minneapolis"", ""Mississippi River"", ""Ohio River"", ""Tennessee""]"
MuSiQue,74,rankgpt_select5_no_think,Mississippi River,50,1,1,"[""Write This Down (band)"", ""Minneapolis"", ""Mississippi River"", ""Wichita, Kansas"", ""Snake River""]"
MuSiQue,74,setr_faithful,Mississippi River,50,0,0,"[""Write This Down (band)"", ""Minneapolis"", ""J. David Irwin"", ""Missouri"", ""Astronautalis""]"
MuSiQue,74,source_order,Mississippi River,50,0,0,"[""Write This Down (band)"", ""Minneapolis"", ""J. David Irwin"", ""Missouri"", ""Astronautalis""]"
MuSiQue,87,dbec_selective,1952 Winter Olympics,81,0,0,"[""John F. Thorson"", ""The Book Thief (film)"", ""Capital punishment in the United States"", ""Tour de France records and statistics"", ""The Book Thief (film)""]"
MuSiQue,87,rankgpt_rank5_no_think,1952 Winter Olympics,81,0,0,"[""The Messenger (Zusak novel)"", ""Capital punishment in the United Kingdom"", ""The Book Thief (film)"", ""List of territorial entities where German is an official language"", ""Angela Merkel""]"
MuSiQue,87,rankgpt_select5_no_think,1952 Winter Olympics,81,0,0,"[""The Messenger (Zusak novel)"", ""Capital punishment in the United Kingdom"", ""The Book Thief (film)"", ""Paul-Louis Halley"", ""The King's Speech""]"
MuSiQue,87,setr_faithful,1952 Winter Olympics,81,0,0,"[""The Book Thief (film)"", ""Capital punishment in the United Kingdom"", ""The Book Thief (film)"", ""Capital punishment in the United States"", ""Capital punishment in New Zealand""]"
MuSiQue,87,source_order,1952 Winter Olympics,81,0,0,"[""The Book Thief (film)"", ""Capital punishment in the United States"", ""The Book Thief (film)"", ""Capital punishment in the United Kingdom"", ""Capital punishment in New Zealand""]"
MuSiQue,87,dbec_selective,The Messenger (Zusak novel),15,0,0,"[""John F. Thorson"", ""The Book Thief (film)"", ""Capital punishment in the United States"", ""Tour de France records and statistics"", ""The Book Thief (film)""]"
MuSiQue,87,rankgpt_rank5_no_think,The Messenger (Zusak novel),15,1,1,"[""The Messenger (Zusak novel)"", ""Capital punishment in the United Kingdom"", ""The Book Thief (film)"", ""List of territorial entities where German is an official language"", ""Angela Merkel""]"
MuSiQue,87,rankgpt_select5_no_think,The Messenger (Zusak novel),15,1,1,"[""The Messenger (Zusak novel)"", ""Capital punishment in the United Kingdom"", ""The Book Thief (film)"", ""Paul-Louis Halley"", ""The King's Speech""]"
MuSiQue,87,setr_faithful,The Messenger (Zusak novel),15,0,0,"[""The Book Thief (film)"", ""Capital punishment in the United Kingdom"", ""The Book Thief (film)"", ""Capital punishment in the United States"", ""Capital punishment in New Zealand""]"
MuSiQue,87,source_order,The Messenger (Zusak novel),15,0,0,"[""The Book Thief (film)"", ""Capital punishment in the United States"", ""The Book Thief (film)"", ""Capital punishment in the United Kingdom"", ""Capital punishment in New Zealand""]"
MuSiQue,90,dbec_selective,Media in Pristina,28,0,0,"[""Serbian language"", ""Love Around"", ""Olivera Marković"", ""Olivera Katarina"", ""List of territorial entities where English is an official language""]"
MuSiQue,90,rankgpt_rank5_no_think,Media in Pristina,28,0,0,"[""Serbian language"", ""Guyana"", ""Yugoslavia at the Olympics"", ""Serbia at the Olympics"", ""Communications in Somalia""]"
MuSiQue,90,rankgpt_select5_no_think,Media in Pristina,28,0,0,"[""Olivera Marković"", ""Serbian language"", ""Guyana"", ""List of territorial entities where English is an official language"", ""1998 FIFA World Cup""]"
MuSiQue,90,setr_faithful,Media in Pristina,28,0,0,"[""Serbian language"", ""Belgrade (film)"", ""Olivera Marković"", ""Olivera Katarina"", ""List of territorial entities where English is an official language""]"
MuSiQue,90,source_order,Media in Pristina,28,0,0,"[""Olivera Marković"", ""Serbian language"", ""Olivera Katarina"", ""List of territorial entities where English is an official language"", ""Josip Broz Tito""]"
MuSiQue,91,dbec_selective,WWNQ,26,0,0,"[""Saint Paul, Minnesota"", ""Erskine College"", ""List of capitals in the United States"", ""Apulia"", ""Erskine College–Due West Historic District""]"
MuSiQue,91,rankgpt_rank5_no_think,WWNQ,26,0,0,"[""Erskine College"", ""Columbia, South Carolina"", ""Charleston, South Carolina"", ""Richland County, South Carolina"", ""St. John's, Newfoundland and Labrador""]"
MuSiQue,91,rankgpt_select5_no_think,WWNQ,26,0,0,"[""Erskine College"", ""Columbia, South Carolina"", ""List of capitals in the United States"", ""Minneapolis"", ""Forest Acres, South Carolina""]"
MuSiQue,91,setr_faithful,WWNQ,26,0,0,"[""Erskine College"", ""Columbia, South Carolina"", ""Forest Acres, South Carolina"", ""Erskine College–Due West Historic District"", ""List of capitals in the United States""]"
MuSiQue,91,source_order,WWNQ,26,0,0,"[""Erskine College"", ""Erskine College–Due West Historic District"", ""List of capitals in the United States"", ""Mississippi"", ""Minneapolis""]"
MuSiQue,91,dbec_selective,"Charleston, South Carolina",10,0,0,"[""Saint Paul, Minnesota"", ""Erskine College"", ""List of capitals in the United States"", ""Apulia"", ""Erskine College–Due West Historic District""]"
MuSiQue,91,rankgpt_rank5_no_think,"Charleston, South Carolina",10,1,1,"[""Erskine College"", ""Columbia, South Carolina"", ""Charleston, South Carolina"", ""Richland County, South Carolina"", ""St. John's, Newfoundland and Labrador""]"
MuSiQue,91,rankgpt_select5_no_think,"Charleston, South Carolina",10,0,0,"[""Erskine College"", ""Columbia, South Carolina"", ""List of capitals in the United States"", ""Minneapolis"", ""Forest Acres, South Carolina""]"
MuSiQue,91,setr_faithful,"Charleston, South Carolina",10,0,0,"[""Erskine College"", ""Columbia, South Carolina"", ""Forest Acres, South Carolina"", ""Erskine College–Due West Historic District"", ""List of capitals in the United States""]"
MuSiQue,91,source_order,"Charleston, South Carolina",10,0,0,"[""Erskine College"", ""Erskine College–Due West Historic District"", ""List of capitals in the United States"", ""Mississippi"", ""Minneapolis""]"
MuSiQue,117,dbec_selective,Paula Santiago,15,0,0,"[""Sebastian Cabot (explorer)"", ""Manuel Balbi"", ""John Cabot"", ""Sergio Villanueva"", ""Francisco H. Vázquez""]"
MuSiQue,117,rankgpt_rank5_no_think,Paula Santiago,15,0,0,"[""Exploration of North America"", ""Sebastian Cabot (explorer)"", ""John Cabot"", ""Pedro Álvares Cabral"", ""Francisco de Eliza""]"
MuSiQue,117,rankgpt_select5_no_think,Paula Santiago,15,0,0,"[""John Cabot"", ""Sebastian Cabot (explorer)"", ""Exploration of North America"", ""History of Maryland"", ""Francesco Suriano""]"
MuSiQue,117,setr_faithful,Paula Santiago,15,0,0,"[""Sebastian Cabot (explorer)"", ""Exploration of North America"", ""Manuel Balbi"", ""John Cabot"", ""Sergio Villanueva""]"
MuSiQue,117,source_order,Paula Santiago,15,0,0,"[""Manuel Balbi"", ""John Cabot"", ""Sebastian Cabot (explorer)"", ""Sergio Villanueva"", ""Francisco H. Vázquez""]"
MuSiQue,118,dbec_selective,"Newport News, Virginia",96,0,0,"[""Virginia"", ""Richmond, Virginia"", ""Mariana Trench"", ""Mariana Trench"", ""Puerto Rico Trench""]"
MuSiQue,118,rankgpt_rank5_no_think,"Newport News, Virginia",96,0,0,"[""Mariana Trench"", ""Mariana Trench"", ""Mariana Trench"", ""T. F. Green Airport"", ""Shirley Plantation""]"
MuSiQue,118,rankgpt_select5_no_think,"Newport News, Virginia",96,0,0,"[""Mariana Trench"", ""East Coast of the United States"", ""Richmond, Virginia"", ""Virginia"", ""Shirley Plantation""]"
MuSiQue,118,setr_faithful,"Newport News, Virginia",96,0,0,"[""Richmond, Virginia"", ""Virginia"", ""Mariana Trench"", ""Mariana Trench"", ""Puerto Rico Trench""]"
MuSiQue,118,source_order,"Newport News, Virginia",96,0,0,"[""Mariana Trench"", ""Mariana Trench"", ""Puerto Rico Trench"", ""Mariana Trench"", ""East Coast of the United States""]"
MuSiQue,150,dbec_selective,Prague underground (culture),22,0,0,"[""Josip Broz Tito"", ""Declarations of war during World War II"", ""John Kerry"", ""1937 South American Championship"", ""Guarani alphabet""]"
MuSiQue,150,rankgpt_rank5_no_think,Prague underground (culture),22,1,1,"[""Prague underground (culture)"", ""Warsaw Pact"", ""Modern history"", ""Warsaw Pact"", ""United States in the Korean War""]"
MuSiQue,150,rankgpt_select5_no_think,Prague underground (culture),22,1,1,"[""Prague underground (culture)"", ""Warsaw Pact"", ""Modern history"", ""Warsaw Pact"", ""Dissolution of Czechoslovakia""]"
MuSiQue,150,setr_faithful,Prague underground (culture),22,0,0,"[""Josip Broz Tito"", ""Josip Broz Tito"", ""Southern Europe"", ""John Kerry"", ""1937 South American Championship""]"
MuSiQue,150,source_order,Prague underground (culture),22,0,0,"[""Josip Broz Tito"", ""John Kerry"", ""1937 South American Championship"", ""Guarani alphabet"", ""Norman, Wisconsin""]"
MuSiQue,153,dbec_selective,The Right Stuff Records,17,0,0,"[""Sony Music"", ""Our Lady of the Rosary"", ""Vilaiyaadu Mankatha"", ""John Deere World Headquarters"", ""Richmond, Virginia""]"
MuSiQue,153,rankgpt_rank5_no_think,The Right Stuff Records,17,0,0,"[""Our Lady of the Rosary"", ""Kathmandu"", ""Sony Music"", ""BNA Records"", ""Shaili Chopra""]"
MuSiQue,153,rankgpt_select5_no_think,The Right Stuff Records,17,0,0,"[""Sony Music"", ""Kathmandu"", ""New York City"", ""Our Lady of the Rosary"", ""Sony Music""]"
MuSiQue,153,setr_faithful,The Right Stuff Records,17,0,0,"[""Vilaiyaadu Mankatha"", ""Sony Music"", ""Miami"", ""Richmond, Virginia"", ""Pure BS""]"
MuSiQue,153,source_order,The Right Stuff Records,17,0,0,"[""Vilaiyaadu Mankatha"", ""Richmond, Virginia"", ""Sony Music"", ""Pure BS"", ""Multidirection""]"
MuSiQue,213,dbec_selective,Vatican City,20,0,0,"[""Princeps pastorum"", ""Kingdom of Bohemia"", ""Queen Victoria"", ""Criticism of Christianity"", ""Paris""]"
MuSiQue,213,rankgpt_rank5_no_think,Vatican City,20,1,1,"[""Pope John XXIII"", ""Vatican City"", ""Flag of Vatican City"", ""Kingdom of Bohemia"", ""Alexander Gerschenkron""]"
MuSiQue,213,rankgpt_select5_no_think,Vatican City,20,1,1,"[""Pope John XXIII"", ""Vatican City"", ""History of South Africa"", ""Estonia"", ""Alfredo Ormando""]"
MuSiQue,213,setr_faithful,Vatican City,20,0,0,"[""Pope John XXIII"", ""Kingdom of Bohemia"", ""Princeps pastorum"", ""Queen Victoria"", ""Criticism of Christianity""]"
MuSiQue,213,source_order,Vatican City,20,0,0,"[""Princeps pastorum"", ""Kingdom of Bohemia"", ""Queen Victoria"", ""Criticism of Christianity"", ""Paris""]"
MuSiQue,213,dbec_selective,Canonization of Pope John XXIII and Pope John Paul II,14,0,0,"[""Princeps pastorum"", ""Kingdom of Bohemia"", ""Queen Victoria"", ""Criticism of Christianity"", ""Paris""]"
MuSiQue,213,rankgpt_rank5_no_think,Canonization of Pope John XXIII and Pope John Paul II,14,0,0,"[""Pope John XXIII"", ""Vatican City"", ""Flag of Vatican City"", ""Kingdom of Bohemia"", ""Alexander Gerschenkron""]"
MuSiQue,213,rankgpt_select5_no_think,Canonization of Pope John XXIII and Pope John Paul II,14,0,0,"[""Pope John XXIII"", ""Vatican City"", ""History of South Africa"", ""Estonia"", ""Alfredo Ormando""]"
MuSiQue,213,setr_faithful,Canonization of Pope John XXIII and Pope John Paul II,14,0,0,"[""Pope John XXIII"", ""Kingdom of Bohemia"", ""Princeps pastorum"", ""Queen Victoria"", ""Criticism of Christianity""]"
MuSiQue,213,source_order,Canonization of Pope John XXIII and Pope John Paul II,14,0,0,"[""Princeps pastorum"", ""Kingdom of Bohemia"", ""Queen Victoria"", ""Criticism of Christianity"", ""Paris""]"
MuSiQue,215,dbec_selective,Geography of Myanmar,23,0,0,"[""Somalis"", ""Bueng Kan Province"", ""Athanasius of Alexandria"", ""Ottoman Empire"", ""Muang Kasi""]"
MuSiQue,215,rankgpt_rank5_no_think,Geography of Myanmar,23,1,1,"[""Thailand"", ""Geography of Myanmar"", ""Punjab, Pakistan"", ""Umayyad Caliphate"", ""Muang Kasi""]"
MuSiQue,215,rankgpt_select5_no_think,Geography of Myanmar,23,0,0,"[""Somalis"", ""History of India"", ""Signing of the United States Declaration of Independence"", ""Galicia (Spain)"", ""Pacific War""]"
MuSiQue,215,setr_faithful,Geography of Myanmar,23,0,0,"[""Ottoman Empire"", ""Rajendra Chola I"", ""Myanmar"", ""Somalis"", ""Somalis""]"
MuSiQue,215,source_order,Geography of Myanmar,23,0,0,"[""Ottoman Empire"", ""Myanmar"", ""Somalis"", ""Somalis"", ""Coinage of India""]"
MuSiQue,228,dbec_selective,Cleveland Indians,23,0,0,"[""Home run"", ""Jim Wilson (first baseman)"", ""Dan Johnson (baseball)"", ""Bill Massey (baseball)"", ""50 home run club""]"
MuSiQue,228,rankgpt_rank5_no_think,Cleveland Indians,23,1,1,"[""Cleveland Indians"", ""Home run"", ""Chicago Cubs"", ""New York Yankees"", ""Chicago Cubs""]"
MuSiQue,228,rankgpt_select5_no_think,Cleveland Indians,23,1,1,"[""Cleveland Indians"", ""Home run"", ""Chicago Cubs"", ""List of milestone home runs by Barry Bonds"", ""Barry Bonds""]"
MuSiQue,228,setr_faithful,Cleveland Indians,23,0,0,"[""Jim Wilson (first baseman)"", ""Home run"", ""Dan Johnson (baseball)"", ""Bill Massey (baseball)"", ""50 home run club""]"
MuSiQue,228,source_order,Cleveland Indians,23,0,0,"[""Home run"", ""Jim Wilson (first baseman)"", ""Dan Johnson (baseball)"", ""Bill Massey (baseball)"", ""50 home run club""]"
MuSiQue,237,dbec_selective,Geography of Myanmar,29,0,0,"[""1998 FIFA World Cup"", ""That Dam"", ""Josip Broz Tito"", ""1986 FIFA World Cup"", ""Switzerland""]"
MuSiQue,237,rankgpt_rank5_no_think,Geography of Myanmar,29,0,0,"[""That Dam"", ""Bridge of the Gods (land bridge)"", ""Thailand"", ""Route 3 (Laos)"", ""Live and Improvised""]"
MuSiQue,237,rankgpt_select5_no_think,Geography of Myanmar,29,1,1,"[""That Dam"", ""1986 FIFA World Cup"", ""Thailand"", ""Geography of Myanmar"", ""Thailand""]"
MuSiQue,237,setr_faithful,Geography of Myanmar,29,0,0,"[""That Dam"", ""Vajiralongkorn Dam"", ""List of transcontinental countries"", ""Switzerland"", ""1986 FIFA World Cup""]"
MuSiQue,237,source_order,Geography of Myanmar,29,0,0,"[""Switzerland"", ""1986 FIFA World Cup"", ""UEFA Euro 2012 Final"", ""Adams–Onís Treaty"", ""That Dam""]"
MuSiQue,237,dbec_selective,2020 AFC U-23 Championship qualification,71,0,0,"[""1998 FIFA World Cup"", ""That Dam"", ""Josip Broz Tito"", ""1986 FIFA World Cup"", ""Switzerland""]"
MuSiQue,237,rankgpt_rank5_no_think,2020 AFC U-23 Championship qualification,71,0,0,"[""That Dam"", ""Bridge of the Gods (land bridge)"", ""Thailand"", ""Route 3 (Laos)"", ""Live and Improvised""]"
MuSiQue,237,rankgpt_select5_no_think,2020 AFC U-23 Championship qualification,71,0,0,"[""That Dam"", ""1986 FIFA World Cup"", ""Thailand"", ""Geography of Myanmar"", ""Thailand""]"
MuSiQue,237,setr_faithful,2020 AFC U-23 Championship qualification,71,0,0,"[""That Dam"", ""Vajiralongkorn Dam"", ""List of transcontinental countries"", ""Switzerland"", ""1986 FIFA World Cup""]"
MuSiQue,237,source_order,2020 AFC U-23 Championship qualification,71,0,0,"[""Switzerland"", ""1986 FIFA World Cup"", ""UEFA Euro 2012 Final"", ""Adams–Onís Treaty"", ""That Dam""]"
MuSiQue,237,dbec_selective,Myanmar,77,0,0,"[""1998 FIFA World Cup"", ""That Dam"", ""Josip Broz Tito"", ""1986 FIFA World Cup"", ""Switzerland""]"
MuSiQue,237,rankgpt_rank5_no_think,Myanmar,77,0,0,"[""That Dam"", ""Bridge of the Gods (land bridge)"", ""Thailand"", ""Route 3 (Laos)"", ""Live and Improvised""]"
MuSiQue,237,rankgpt_select5_no_think,Myanmar,77,0,0,"[""That Dam"", ""1986 FIFA World Cup"", ""Thailand"", ""Geography of Myanmar"", ""Thailand""]"
MuSiQue,237,setr_faithful,Myanmar,77,0,0,"[""That Dam"", ""Vajiralongkorn Dam"", ""List of transcontinental countries"", ""Switzerland"", ""1986 FIFA World Cup""]"
MuSiQue,237,source_order,Myanmar,77,0,0,"[""Switzerland"", ""1986 FIFA World Cup"", ""UEFA Euro 2012 Final"", ""Adams–Onís Treaty"", ""That Dam""]"
MuSiQue,259,dbec_selective,List of destroyer classes of the United States Navy,16,0,0,"[""United States Navy SEALs"", ""USS Chillicothe (1862)"", ""United States Air Force Judge Advocate General's Corps"", ""United States Navy SEALs"", ""Rudy Boesch""]"
MuSiQue,259,rankgpt_rank5_no_think,List of destroyer classes of the United States Navy,16,0,0,"[""United States Navy SEALs"", ""13 Hours: The Secret Soldiers of Benghazi"", ""USS Chillicothe (1862)"", ""USS Severn (1867)"", ""HMS Seal (1897)""]"
MuSiQue,259,rankgpt_select5_no_think,List of destroyer classes of the United States Navy,16,0,0,"[""United States Navy SEALs"", ""USS Chillicothe (1862)"", ""13 Hours: The Secret Soldiers of Benghazi"", ""NATO"", ""NATO""]"
MuSiQue,259,setr_faithful,List of destroyer classes of the United States Navy,16,0,0,"[""United States Navy SEALs"", ""Rudy Boesch"", ""USS Chillicothe (1862)"", ""United States Navy SEALs"", ""USS Chanticleer (ASR-7)""]"
MuSiQue,259,source_order,List of destroyer classes of the United States Navy,16,0,0,"[""USS Chillicothe (1862)"", ""United States Navy SEALs"", ""United States Navy SEALs"", ""Rudy Boesch"", ""USS Chanticleer (ASR-7)""]"
MuSiQue,261,dbec_selective,Bang Bon District,38,0,0,"[""The Beach (film)"", ""Ercole Manfredi"", ""The Beach (film)"", ""Home (2012 film)"", ""Thailand""]"
MuSiQue,261,rankgpt_rank5_no_think,Bang Bon District,38,0,0,"[""Thailand"", ""The Beach (film)"", ""The Beach (film)"", ""Bejaratana"", ""Monuriki""]"
MuSiQue,261,rankgpt_select5_no_think,Bang Bon District,38,0,0,"[""Thailand"", ""The Beach (film)"", ""Bejaratana"", ""The Beach (film)"", ""Monuriki""]"
MuSiQue,261,setr_faithful,Bang Bon District,38,0,0,"[""Ercole Manfredi"", ""The Beach (film)"", ""The Beach (film)"", ""Home (2012 film)"", ""Thailand""]"
MuSiQue,261,source_order,Bang Bon District,38,0,0,"[""Ercole Manfredi"", ""The Beach (film)"", ""The Beach (film)"", ""Home (2012 film)"", ""Thailand""]"
MuSiQue,269,dbec_selective,Military history of New Zealand during World War II,9,0,0,"[""The Book Thief (film)"", ""The Book Thief (film)"", ""Sarah's Key"", ""Art theft and looting during World War II"", ""Southern Europe""]"
MuSiQue,269,rankgpt_rank5_no_think,Military history of New Zealand during World War II,9,0,0,"[""The Messenger (Zusak novel)"", ""Kirsten Sødal"", ""Gaullism"", ""Molotov–Ribbentrop Pact"", ""Soviet Union in World War II""]"
MuSiQue,269,rankgpt_select5_no_think,Military history of New Zealand during World War II,9,0,0,"[""The Messenger (Zusak novel)"", ""Gaullism"", ""Molotov–Ribbentrop Pact"", ""Alexander Gerschenkron"", ""Angela Merkel""]"
MuSiQue,269,setr_faithful,Military history of New Zealand during World War II,9,0,0,"[""The Book Thief (film)"", ""The Book Thief (film)"", ""Kirsten Sødal"", ""Sarah's Key"", ""Art theft and looting during World War II""]"
MuSiQue,269,source_order,Military history of New Zealand during World War II,9,0,0,"[""The Book Thief (film)"", ""The Book Thief (film)"", ""Sarah's Key"", ""Art theft and looting during World War II"", ""Southern Europe""]"
MuSiQue,269,dbec_selective,The Messenger (Zusak novel),11,0,0,"[""The Book Thief (film)"", ""The Book Thief (film)"", ""Sarah's Key"", ""Art theft and looting during World War II"", ""Southern Europe""]"
MuSiQue,269,rankgpt_rank5_no_think,The Messenger (Zusak novel),11,1,1,"[""The Messenger (Zusak novel)"", ""Kirsten Sødal"", ""Gaullism"", ""Molotov–Ribbentrop Pact"", ""Soviet Union in World War II""]"
MuSiQue,269,rankgpt_select5_no_think,The Messenger (Zusak novel),11,1,1,"[""The Messenger (Zusak novel)"", ""Gaullism"", ""Molotov–Ribbentrop Pact"", ""Alexander Gerschenkron"", ""Angela Merkel""]"
MuSiQue,269,setr_faithful,The Messenger (Zusak novel),11,0,0,"[""The Book Thief (film)"", ""The Book Thief (film)"", ""Kirsten Sødal"", ""Sarah's Key"", ""Art theft and looting during World War II""]"
MuSiQue,269,source_order,The Messenger (Zusak novel),11,0,0,"[""The Book Thief (film)"", ""The Book Thief (film)"", ""Sarah's Key"", ""Art theft and looting during World War II"", ""Southern Europe""]"
MuSiQue,281,dbec_selective,Myanmar,83,0,0,"[""Star Cola"", ""Ottoman Empire"", ""Somalis"", ""East Timor"", ""Somalis""]"
MuSiQue,281,rankgpt_rank5_no_think,Myanmar,83,0,0,"[""Star Cola"", ""Somalis"", ""Somalis"", ""Somalis"", ""Somalis""]"
MuSiQue,281,rankgpt_select5_no_think,Myanmar,83,1,1,"[""Star Cola"", ""Somalis"", ""Somalis"", ""Ottoman Empire"", ""Myanmar""]"
MuSiQue,281,setr_faithful,Myanmar,83,0,0,"[""Ottoman Empire"", ""Star Cola"", ""Somalis"", ""East Timor"", ""Somalis""]"
MuSiQue,281,source_order,Myanmar,83,0,0,"[""Ottoman Empire"", ""Star Cola"", ""Somalis"", ""East Timor"", ""Somalis""]"
MuSiQue,302,dbec_selective,List of destroyer classes of the United States Navy,19,0,0,"[""United States Navy SEALs"", ""USS Dour (AM-223)"", ""United States Navy SEALs"", ""Rudy Boesch"", ""USS Chanticleer (ASR-7)""]"
MuSiQue,302,rankgpt_rank5_no_think,List of destroyer classes of the United States Navy,19,0,0,"[""United States Navy SEALs"", ""USS Dour (AM-223)"", ""Rudy Boesch"", ""United States Navy SEALs"", ""John F. Thorson""]"
MuSiQue,302,rankgpt_select5_no_think,List of destroyer classes of the United States Navy,19,0,0,"[""United States Navy SEALs"", ""USS Dour (AM-223)"", ""United States Navy SEALs"", ""Rudy Boesch"", ""Snake-class junk""]"
MuSiQue,302,setr_faithful,List of destroyer classes of the United States Navy,19,0,0,"[""United States Navy SEALs"", ""USS Dour (AM-223)"", ""United States Navy SEALs"", ""Rudy Boesch"", ""USS Chanticleer (ASR-7)""]"
MuSiQue,302,source_order,List of destroyer classes of the United States Navy,19,0,0,"[""United States Navy SEALs"", ""USS Dour (AM-223)"", ""United States Navy SEALs"", ""Rudy Boesch"", ""USS Chanticleer (ASR-7)""]"
MuSiQue,346,dbec_selective,2014 United States Senate elections,20,0,0,"[""Party leaders of the United States Senate"", ""Oklahoma"", ""Standing Rules of the United States Senate"", ""Party leaders of the United States Senate"", ""United States House of Representatives""]"
MuSiQue,346,rankgpt_rank5_no_think,2014 United States Senate elections,20,1,1,"[""2014 United States Senate elections"", ""2010 United States House of Representatives elections"", ""110th United States Congress"", ""114th United States Congress"", ""115th United States Congress""]"
MuSiQue,346,rankgpt_select5_no_think,2014 United States Senate elections,20,1,1,"[""2014 United States Senate elections"", ""110th United States Congress"", ""2010 United States House of Representatives elections"", ""Two-party system"", ""Treaty""]"
MuSiQue,346,setr_faithful,2014 United States Senate elections,20,0,0,"[""Oklahoma"", ""114th United States Congress"", ""Standing Rules of the United States Senate"", ""Party leaders of the United States Senate"", ""United States House of Representatives""]"
MuSiQue,346,source_order,2014 United States Senate elections,20,0,0,"[""Standing Rules of the United States Senate"", ""Party leaders of the United States Senate"", ""United States House of Representatives"", ""Oklahoma"", ""Party leaders of the United States Senate""]"
MuSiQue,358,dbec_selective,North Carolina,73,0,0,"[""Richmond, Virginia"", ""WGCK-FM"", ""Richmond, Virginia"", ""Richmond, Virginia"", ""Virginia, Lempira""]"
MuSiQue,358,rankgpt_rank5_no_think,North Carolina,73,0,0,"[""WGCK-FM"", ""Richmond, Virginia"", ""WKHK"", ""WFFG-FM"", ""WXBX""]"
MuSiQue,358,rankgpt_select5_no_think,North Carolina,73,0,0,"[""WGCK-FM"", ""Richmond, Virginia"", ""WKHK"", ""WFFG-FM"", ""WXBX""]"
MuSiQue,358,setr_faithful,North Carolina,73,0,0,"[""WGCK-FM"", ""Richmond, Virginia"", ""WKHK"", ""WFFG-FM"", ""WXBX""]"
MuSiQue,358,source_order,North Carolina,73,0,0,"[""WGCK-FM"", ""Richmond, Virginia"", ""WKHK"", ""WFFG-FM"", ""WXBX""]"
MuSiQue,366,dbec_selective,Pure BS,81,0,0,"[""My Heart (Lorrie Morgan album)"", ""Sonny & Cher"", ""Somethin' Bad"", ""Jesus, Take the Wheel"", ""Wherever You Are Tonight""]"
MuSiQue,366,rankgpt_rank5_no_think,Pure BS,81,0,0,"[""Somethin' Bad"", ""BNA Records"", ""Rockin' You Tonight"", ""MCA Records"", ""Days of Our Lives (James Otto album)""]"
MuSiQue,366,rankgpt_select5_no_think,Pure BS,81,0,0,"[""Somethin' Bad"", ""BNA Records"", ""Rockin' You Tonight"", ""Days of Our Lives (James Otto album)"", ""Don't Be Cruel (album)""]"
MuSiQue,366,setr_faithful,Pure BS,81,0,0,"[""Somethin' Bad"", ""Wherever You Are Tonight"", ""Jesus, Take the Wheel"", ""Candy Coburn"", ""Platinum""]"
MuSiQue,366,source_order,Pure BS,81,0,0,"[""Somethin' Bad"", ""Jesus, Take the Wheel"", ""Wherever You Are Tonight"", ""Candy Coburn"", ""Platinum""]"
MuSiQue,373,dbec_selective,Paula Santiago,24,0,0,"[""John Cabot"", ""Exploration of North America"", ""Francisco H. Vázquez"", ""Francisco de Eliza"", ""Pedro Álvares Cabral""]"
MuSiQue,373,rankgpt_rank5_no_think,Paula Santiago,24,0,0,"[""Exploration of North America"", ""John Cabot"", ""Sebastian Cabot (explorer)"", ""Francisco de Eliza"", ""Giovanni Battista Caviglia""]"
MuSiQue,373,rankgpt_select5_no_think,Paula Santiago,24,0,0,"[""Exploration of North America"", ""John Cabot"", ""Sebastian Cabot (explorer)"", ""Giovanni Battista Caviglia"", ""Casa Natal del General Santander""]"
MuSiQue,373,setr_faithful,Paula Santiago,24,0,0,"[""Francisco H. Vázquez"", ""Sebastian Cabot (explorer)"", ""Francisco de Eliza"", ""Pedro Álvares Cabral"", ""Giovanni Battista Caviglia""]"
MuSiQue,373,source_order,Paula Santiago,24,0,0,"[""Francisco H. Vázquez"", ""Francisco de Eliza"", ""Pedro Álvares Cabral"", ""Giovanni Battista Caviglia"", ""John Cabot""]"
MuSiQue,375,dbec_selective,Ottoman Empire,30,0,0,"[""Coinage of India"", ""Phoe Pyonn Cho"", ""Franco-Prussian War"", ""Gamal Abdel Nasser"", ""Hellenistic period""]"
MuSiQue,375,rankgpt_rank5_no_think,Ottoman Empire,30,0,0,"[""Phoe Pyonn Cho"", ""Myanmar"", ""Impeachment in the United States"", ""Star Cola"", ""Nigerian naira""]"
MuSiQue,375,rankgpt_select5_no_think,Ottoman Empire,30,0,0,"[""Phoe Pyonn Cho"", ""Coinage of India"", ""Myanmar"", ""Trail of Tears"", ""Impeachment in the United States""]"
MuSiQue,375,setr_faithful,Ottoman Empire,30,0,0,"[""Phoe Pyonn Cho"", ""Huguenots"", ""Franco-Prussian War"", ""Gamal Abdel Nasser"", ""Coinage of India""]"
MuSiQue,375,source_order,Ottoman Empire,30,0,0,"[""Franco-Prussian War"", ""Phoe Pyonn Cho"", ""Gamal Abdel Nasser"", ""Coinage of India"", ""Hellenistic period""]"
MuSiQue,375,dbec_selective,Myanmar,14,0,0,"[""Coinage of India"", ""Phoe Pyonn Cho"", ""Franco-Prussian War"", ""Gamal Abdel Nasser"", ""Hellenistic period""]"
MuSiQue,375,rankgpt_rank5_no_think,Myanmar,14,1,1,"[""Phoe Pyonn Cho"", ""Myanmar"", ""Impeachment in the United States"", ""Star Cola"", ""Nigerian naira""]"
MuSiQue,375,rankgpt_select5_no_think,Myanmar,14,1,1,"[""Phoe Pyonn Cho"", ""Coinage of India"", ""Myanmar"", ""Trail of Tears"", ""Impeachment in the United States""]"
MuSiQue,375,setr_faithful,Myanmar,14,0,0,"[""Phoe Pyonn Cho"", ""Huguenots"", ""Franco-Prussian War"", ""Gamal Abdel Nasser"", ""Coinage of India""]"
MuSiQue,375,source_order,Myanmar,14,0,0,"[""Franco-Prussian War"", ""Phoe Pyonn Cho"", ""Gamal Abdel Nasser"", ""Coinage of India"", ""Hellenistic period""]"
MuSiQue,379,dbec_selective,Scion xD,6,0,0,"[""1973 oil crisis"", ""Toyota"", ""Scion xB"", ""BMW"", ""Acura Legend""]"
MuSiQue,379,rankgpt_rank5_no_think,Scion xD,6,1,1,"[""Datsun"", ""Acura EL"", ""Scion xD"", ""Scion (automobile)"", ""1973 oil crisis""]"
MuSiQue,379,rankgpt_select5_no_think,Scion xD,6,1,1,"[""Datsun"", ""Scion xD"", ""Acura RDX"", ""Acura EL"", ""Acura RL""]"
MuSiQue,379,setr_faithful,Scion xD,6,0,0,"[""1973 oil crisis"", ""Toyota"", ""Acura Legend"", ""Acura RL"", ""Acura RLX""]"
MuSiQue,379,source_order,Scion xD,6,0,0,"[""1973 oil crisis"", ""Acura Legend"", ""Acura RL"", ""Acura RLX"", ""Acura EL""]"
MuSiQue,400,dbec_selective,United States Army,32,0,0,"[""Slavs"", ""Anti-aircraft warfare"", ""Ivo Werner"", ""Anti-aircraft warfare"", ""Josip Broz Tito""]"
MuSiQue,400,rankgpt_rank5_no_think,United States Army,32,0,0,"[""Slavs"", ""Josip Broz Tito"", ""Slavs"", ""Slavs"", ""Germans""]"
MuSiQue,400,rankgpt_select5_no_think,United States Army,32,0,0,"[""Ivo Werner"", ""Josip Broz Tito"", ""Slavs"", ""Czechoslovakia"", ""Battle of Osijek""]"
MuSiQue,400,setr_faithful,United States Army,32,0,0,"[""Josip Broz Tito"", ""Ivo Werner"", ""Slavs"", ""Czech Republic"", ""Slavs""]"
MuSiQue,400,source_order,United States Army,32,0,0,"[""Slavs"", ""Josip Broz Tito"", ""Czech Republic"", ""Slavs"", ""Slavs""]"
MuSiQue,402,dbec_selective,Liza and David,33,0,0,"[""Michael Jackson: The Life of an Icon"", ""Beyoncé"", ""Private Hell 36"", ""Beyoncé"", ""Nine Days that Changed the World""]"
MuSiQue,402,rankgpt_rank5_no_think,Liza and David,33,0,0,"[""Beyoncé"", ""Michael Jackson: The Life of an Icon"", ""Talk That Talk"", ""Working Day and Night"", ""The Girl Is Mine""]"
MuSiQue,402,rankgpt_select5_no_think,Liza and David,33,0,0,"[""Michael Jackson: The Life of an Icon"", ""Beyoncé"", ""Nine Days that Changed the World"", ""Beyoncé"", ""Destiny's Child""]"
MuSiQue,402,setr_faithful,Liza and David,33,0,0,"[""Michael Jackson: The Life of an Icon"", ""Beyoncé"", ""Nine Days that Changed the World"", ""Beyoncé"", ""Beyoncé""]"
MuSiQue,402,source_order,Liza and David,33,0,0,"[""Michael Jackson: The Life of an Icon"", ""Beyoncé"", ""Nine Days that Changed the World"", ""Beyoncé"", ""Beyoncé""]"
MuSiQue,413,dbec_selective,List of best-selling automobiles,12,0,0,"[""1973 oil crisis"", ""Acura Legend"", ""Toyota"", ""Acura RL"", ""Acura EL""]"
MuSiQue,413,rankgpt_rank5_no_think,List of best-selling automobiles,12,0,0,"[""Acura RL"", ""Datsun"", ""Acura Legend"", ""Acura EL"", ""Infiniti J30""]"
MuSiQue,413,rankgpt_select5_no_think,List of best-selling automobiles,12,0,0,"[""Datsun"", ""Acura RL"", ""Acura Legend"", ""Infiniti J30"", ""Chevrolet Colorado""]"
MuSiQue,413,setr_faithful,List of best-selling automobiles,12,0,0,"[""1973 oil crisis"", ""Toyota"", ""Acura Legend"", ""Acura RL"", ""Acura EL""]"
MuSiQue,413,source_order,List of best-selling automobiles,12,0,0,"[""1973 oil crisis"", ""Acura Legend"", ""Acura RL"", ""Acura EL"", ""Acura MDX""]"
MuSiQue,441,dbec_selective,Back of My Mind,35,0,0,"[""American Idol"", ""Every Turn of the World"", ""MCA Records"", ""Turn Me On (Mark Dinning song)"", ""Midnight Blue (Kenny Burrell album)""]"
MuSiQue,441,rankgpt_rank5_no_think,Back of My Mind,35,0,0,"[""Every Turn of the World"", ""Warner Records"", ""Don't Be Cruel (album)"", ""Where the Fast Lane Ends"", ""I Belong to Me""]"
MuSiQue,441,rankgpt_select5_no_think,Back of My Mind,35,1,1,"[""Every Turn of the World"", ""Back of My Mind"", ""Don't Be Cruel (album)"", ""Warner Records"", ""K. B. Blues""]"
MuSiQue,441,setr_faithful,Back of My Mind,35,0,0,"[""Every Turn of the World"", ""The Return of the Fabulous Hofner Bluenotes"", ""Turn Me On (Mark Dinning song)"", ""Midnight Blue (Kenny Burrell album)"", ""Madonna (entertainer)""]"
MuSiQue,441,source_order,Back of My Mind,35,0,0,"[""Every Turn of the World"", ""Turn Me On (Mark Dinning song)"", ""Midnight Blue (Kenny Burrell album)"", ""Madonna (entertainer)"", ""I'll Cry If I Want To""]"
MuSiQue,441,dbec_selective,Warner Records,21,0,0,"[""American Idol"", ""Every Turn of the World"", ""MCA Records"", ""Turn Me On (Mark Dinning song)"", ""Midnight Blue (Kenny Burrell album)""]"
MuSiQue,441,rankgpt_rank5_no_think,Warner Records,21,1,1,"[""Every Turn of the World"", ""Warner Records"", ""Don't Be Cruel (album)"", ""Where the Fast Lane Ends"", ""I Belong to Me""]"
MuSiQue,441,rankgpt_select5_no_think,Warner Records,21,1,1,"[""Every Turn of the World"", ""Back of My Mind"", ""Don't Be Cruel (album)"", ""Warner Records"", ""K. B. Blues""]"
MuSiQue,441,setr_faithful,Warner Records,21,0,0,"[""Every Turn of the World"", ""The Return of the Fabulous Hofner Bluenotes"", ""Turn Me On (Mark Dinning song)"", ""Midnight Blue (Kenny Burrell album)"", ""Madonna (entertainer)""]"
MuSiQue,441,source_order,Warner Records,21,0,0,"[""Every Turn of the World"", ""Turn Me On (Mark Dinning song)"", ""Midnight Blue (Kenny Burrell album)"", ""Madonna (entertainer)"", ""I'll Cry If I Want To""]"
MuSiQue,453,dbec_selective,Reformation,4,0,0,"[""States of Germany"", ""Mary, mother of Jesus"", ""Joseph Strickland"", ""Mary, mother of Jesus"", ""Wittenberg (district)""]"
MuSiQue,453,rankgpt_rank5_no_think,Reformation,4,0,0,"[""Bernhard Lichtenberg"", ""Thuringia"", ""Wittenberg (district)"", ""Doubt (2008 film)"", ""German revolutions of 1848–49""]"
MuSiQue,453,rankgpt_select5_no_think,Reformation,4,0,0,"[""Bernhard Lichtenberg"", ""Thuringia"", ""A River Runs Through It (film)"", ""Edward VIII"", ""Leipzig (district)""]"
MuSiQue,453,setr_faithful,Reformation,4,0,0,"[""Joseph Strickland"", ""Wittenberg (district)"", ""Thuringia"", ""Mary, mother of Jesus"", ""Mary, mother of Jesus""]"
MuSiQue,453,source_order,Reformation,4,1,0,"[""Joseph Strickland"", ""Mary, mother of Jesus"", ""Mary, mother of Jesus"", ""Wittenberg (district)"", ""Reformation""]"
MuSiQue,492,dbec_selective,World Series,6,0,0,"[""Sports league ranking"", ""Major League Baseball Most Valuable Player Award"", ""List of Major League Baseball career hits leaders"", ""List of Major League Baseball single-game hits leaders"", ""NBA Most Valuable Player Award""]"
MuSiQue,492,rankgpt_rank5_no_think,World Series,6,0,0,"[""Major League Baseball schedule"", ""Major League Baseball Most Valuable Player Award"", ""Miguel Cabrera"", ""List of Major League Baseball career hits leaders"", ""Kobe Bryant""]"
MuSiQue,492,rankgpt_select5_no_think,World Series,6,0,0,"[""Major League Baseball Most Valuable Player Award"", ""Major League Baseball schedule"", ""Los Angeles Dodgers"", ""List of Major League Baseball career hits leaders"", ""Miguel Cabrera""]"
MuSiQue,492,setr_faithful,World Series,6,0,0,"[""Major League Baseball Most Valuable Player Award"", ""List of Major League Baseball career hits leaders"", ""Los Angeles Dodgers"", ""List of Major League Baseball single-game hits leaders"", ""NBA Most Valuable Player Award""]"
MuSiQue,492,source_order,World Series,6,0,0,"[""List of Major League Baseball single-game hits leaders"", ""Major League Baseball Most Valuable Player Award"", ""NBA Most Valuable Player Award"", ""World Series Most Valuable Player Award"", ""Hart Memorial Trophy""]"
MuSiQue,492,dbec_selective,New York Yankees,39,0,0,"[""Sports league ranking"", ""Major League Baseball Most Valuable Player Award"", ""List of Major League Baseball career hits leaders"", ""List of Major League Baseball single-game hits leaders"", ""NBA Most Valuable Player Award""]"
MuSiQue,492,rankgpt_rank5_no_think,New York Yankees,39,0,0,"[""Major League Baseball schedule"", ""Major League Baseball Most Valuable Player Award"", ""Miguel Cabrera"", ""List of Major League Baseball career hits leaders"", ""Kobe Bryant""]"
MuSiQue,492,rankgpt_select5_no_think,New York Yankees,39,0,0,"[""Major League Baseball Most Valuable Player Award"", ""Major League Baseball schedule"", ""Los Angeles Dodgers"", ""List of Major League Baseball career hits leaders"", ""Miguel Cabrera""]"
MuSiQue,492,setr_faithful,New York Yankees,39,0,0,"[""Major League Baseball Most Valuable Player Award"", ""List of Major League Baseball career hits leaders"", ""Los Angeles Dodgers"", ""List of Major League Baseball single-game hits leaders"", ""NBA Most Valuable Player Award""]"
MuSiQue,492,source_order,New York Yankees,39,0,0,"[""List of Major League Baseball single-game hits leaders"", ""Major League Baseball Most Valuable Player Award"", ""NBA Most Valuable Player Award"", ""World Series Most Valuable Player Award"", ""Hart Memorial Trophy""]"
MuSiQue,493,dbec_selective,Cleveland Indians,51,0,0,"[""Jim Wilson (first baseman)"", ""List of Major League Baseball career hits leaders"", ""List of Wigan Warriors players"", ""Dugout (baseball)"", ""Dan Johnson (baseball)""]"
MuSiQue,493,rankgpt_rank5_no_think,Cleveland Indians,51,1,1,"[""List of Major League Baseball single-game hits leaders"", ""List of Major League Baseball career hits leaders"", ""Cleveland Indians"", ""Chicago Cubs"", ""Willie Mays""]"
MuSiQue,493,rankgpt_select5_no_think,Cleveland Indians,51,1,1,"[""List of Major League Baseball single-game hits leaders"", ""List of Major League Baseball career hits leaders"", ""Cleveland Indians"", ""Willie Mays"", ""List of NBA players with most championships""]"
MuSiQue,493,setr_faithful,Cleveland Indians,51,0,0,"[""Jim Wilson (first baseman)"", ""List of Major League Baseball career hits leaders"", ""List of Wigan Warriors players"", ""Dugout (baseball)"", ""Dan Johnson (baseball)""]"
MuSiQue,493,source_order,Cleveland Indians,51,0,0,"[""Jim Wilson (first baseman)"", ""List of Wigan Warriors players"", ""Dugout (baseball)"", ""Dan Johnson (baseball)"", ""Cleveland Bulldogs""]"
MuSiQue,495,dbec_selective,2020 AFC U-23 Championship qualification,9,0,0,"[""Myanmar"", ""A Don"", ""2016 FIFA Club World Cup"", ""A Lim"", ""A Kiom""]"
MuSiQue,495,rankgpt_rank5_no_think,2020 AFC U-23 Championship qualification,9,0,0,"[""A Don"", ""Myanmar"", ""Myanmar"", ""Kon Tum Province"", ""Ice hockey at the 2018 Winter Olympics – Men's tournament""]"
MuSiQue,495,rankgpt_select5_no_think,2020 AFC U-23 Championship qualification,9,0,0,"[""A Don"", ""Myanmar"", ""2018 Asia Cup"", ""Thailand"", ""Donovan Patton""]"
MuSiQue,495,setr_faithful,2020 AFC U-23 Championship qualification,9,0,0,"[""A Don"", ""Myanmar"", ""2016 FIFA Club World Cup"", ""A Lim"", ""A Kiom""]"
MuSiQue,495,source_order,2020 AFC U-23 Championship qualification,9,0,0,"[""2016 FIFA Club World Cup"", ""A Don"", ""A Lim"", ""A Kiom"", ""Myanmar""]"
MuSiQue,495,dbec_selective,Geography of Myanmar,11,0,0,"[""Myanmar"", ""A Don"", ""2016 FIFA Club World Cup"", ""A Lim"", ""A Kiom""]"
MuSiQue,495,rankgpt_rank5_no_think,Geography of Myanmar,11,0,0,"[""A Don"", ""Myanmar"", ""Myanmar"", ""Kon Tum Province"", ""Ice hockey at the 2018 Winter Olympics – Men's tournament""]"
MuSiQue,495,rankgpt_select5_no_think,Geography of Myanmar,11,0,0,"[""A Don"", ""Myanmar"", ""2018 Asia Cup"", ""Thailand"", ""Donovan Patton""]"
MuSiQue,495,setr_faithful,Geography of Myanmar,11,0,0,"[""A Don"", ""Myanmar"", ""2016 FIFA Club World Cup"", ""A Lim"", ""A Kiom""]"
MuSiQue,495,source_order,Geography of Myanmar,11,0,0,"[""2016 FIFA Club World Cup"", ""A Don"", ""A Lim"", ""A Kiom"", ""Myanmar""]"
MuSiQue,502,dbec_selective,Warner Records,31,0,0,"[""Better Than Me (Terry Dexter song)"", ""MCA Records"", ""Terry Dexter (album)"", ""Roxy Recordings"", ""Sony Music""]"
MuSiQue,502,rankgpt_rank5_no_think,Warner Records,31,1,1,"[""Terry Dexter (album)"", ""Warner Records"", ""MCA Records"", ""BNA Records"", ""Dirty Gold""]"
MuSiQue,502,rankgpt_select5_no_think,Warner Records,31,1,1,"[""Terry Dexter (album)"", ""Roxy Recordings"", ""Desde El Principio"", ""Warner Records"", ""Best Day of My Life""]"
MuSiQue,502,setr_faithful,Warner Records,31,0,0,"[""Better Than Me (Terry Dexter song)"", ""Terry Dexter (album)"", ""Roxy Recordings"", ""Sony Music"", ""American Idol""]"
MuSiQue,502,source_order,Warner Records,31,0,0,"[""Better Than Me (Terry Dexter song)"", ""Terry Dexter (album)"", ""Roxy Recordings"", ""Sony Music"", ""American Idol""]"
MuSiQue,565,dbec_selective,Sazerac,7,0,0,"[""New York City"", ""Kentucky Tavern"", ""Black people"", ""Detroit"", ""Blanton's""]"
MuSiQue,565,rankgpt_rank5_no_think,Sazerac,7,0,0,"[""Kentucky Tavern"", ""Blanton's"", ""McAfee's Benchmark"", ""Barton Premium Blend"", ""Civil rights movement""]"
MuSiQue,565,rankgpt_select5_no_think,Sazerac,7,0,0,"[""Kentucky Tavern"", ""McAfee's Benchmark"", ""New York City"", ""Francis Bloodgood"", ""Kentucky State Capitol""]"
MuSiQue,565,setr_faithful,Sazerac,7,0,0,"[""Kentucky Tavern"", ""Detroit"", ""Black people"", ""Blanton's"", ""Ten High""]"
MuSiQue,565,source_order,Sazerac,7,0,0,"[""Detroit"", ""Kentucky Tavern"", ""Black people"", ""Blanton's"", ""Ten High""]"
MuSiQue,568,dbec_selective,Casa Loma,68,0,0,"[""Danko Jones"", ""Stirling City Choir"", ""We Sweat Blood"", ""Baynard's Castle"", ""Robert Fitz Richard""]"
MuSiQue,568,rankgpt_rank5_no_think,Casa Loma,68,0,0,"[""Danko Jones"", ""Robert Fitz Richard"", ""Baynard's Castle"", ""We Sweat Blood"", ""New Haven, Connecticut""]"
MuSiQue,568,rankgpt_select5_no_think,Casa Loma,68,1,1,"[""Danko Jones"", ""We Sweat Blood"", ""Robert Fitz Richard"", ""Baynard's Castle"", ""Casa Loma""]"
MuSiQue,568,setr_faithful,Casa Loma,68,0,0,"[""Danko Jones"", ""Baynard's Castle"", ""We Sweat Blood"", ""Robert Fitz Richard"", ""Sound of Love""]"
MuSiQue,568,source_order,Casa Loma,68,0,0,"[""We Sweat Blood"", ""Baynard's Castle"", ""Robert Fitz Richard"", ""Danko Jones"", ""Sound of Love""]"
MuSiQue,573,dbec_selective,Vladimir Rapoport,23,0,0,"[""Korean War"", ""Imperialism"", ""Dwight D. Eisenhower"", ""Korean War"", ""Korean War""]"
MuSiQue,573,rankgpt_rank5_no_think,Vladimir Rapoport,23,1,1,"[""Vladimir Rapoport"", ""Korean War"", ""Yalu River"", ""1946 United States House of Representatives elections"", ""Air Defense Identification Zone (East China Sea)""]"
MuSiQue,573,rankgpt_select5_no_think,Vladimir Rapoport,23,1,1,"[""Vladimir Rapoport"", ""Yalu River"", ""Korean War"", ""United States in the Korean War"", ""Korean War""]"
MuSiQue,573,setr_faithful,Vladimir Rapoport,23,0,0,"[""Zhdanov Doctrine"", ""Korean War"", ""Imperialism"", ""Korean War"", ""Dwight D. Eisenhower""]"
MuSiQue,573,source_order,Vladimir Rapoport,23,0,0,"[""Imperialism"", ""Korean War"", ""Dwight D. Eisenhower"", ""Korean War"", ""Korean War""]"
MuSiQue,646,dbec_selective,2020 AFC U-23 Championship qualification,76,0,0,"[""2018 Asia Cup"", ""List of transcontinental countries"", ""1998 FIFA World Cup"", ""A Don"", ""Indo-Pakistani wars and conflicts""]"
MuSiQue,646,rankgpt_rank5_no_think,2020 AFC U-23 Championship qualification,76,0,0,"[""Indo-Pakistani wars and conflicts"", ""A Don"", ""India–Pakistan border"", ""India–Pakistan border"", ""Aruth Wartan""]"
MuSiQue,646,rankgpt_select5_no_think,2020 AFC U-23 Championship qualification,76,0,0,"[""A Don"", ""Indo-Pakistani wars and conflicts"", ""India–Pakistan cricket rivalry"", ""Korean War"", ""India–Pakistan border""]"
MuSiQue,646,setr_faithful,2020 AFC U-23 Championship qualification,76,0,0,"[""A Don"", ""Geography of Pakistan"", ""Indo-Pakistani wars and conflicts"", ""2016 FIFA Club World Cup"", ""A Lim""]"
MuSiQue,646,source_order,2020 AFC U-23 Championship qualification,76,0,0,"[""2016 FIFA Club World Cup"", ""A Don"", ""A Lim"", ""A Kiom"", ""Geography of Pakistan""]"
MuSiQue,646,dbec_selective,Myanmar,79,0,0,"[""2018 Asia Cup"", ""List of transcontinental countries"", ""1998 FIFA World Cup"", ""A Don"", ""Indo-Pakistani wars and conflicts""]"
MuSiQue,646,rankgpt_rank5_no_think,Myanmar,79,0,0,"[""Indo-Pakistani wars and conflicts"", ""A Don"", ""India–Pakistan border"", ""India–Pakistan border"", ""Aruth Wartan""]"
MuSiQue,646,rankgpt_select5_no_think,Myanmar,79,0,0,"[""A Don"", ""Indo-Pakistani wars and conflicts"", ""India–Pakistan cricket rivalry"", ""Korean War"", ""India–Pakistan border""]"
MuSiQue,646,setr_faithful,Myanmar,79,0,0,"[""A Don"", ""Geography of Pakistan"", ""Indo-Pakistani wars and conflicts"", ""2016 FIFA Club World Cup"", ""A Lim""]"
MuSiQue,646,source_order,Myanmar,79,0,0,"[""2016 FIFA Club World Cup"", ""A Don"", ""A Lim"", ""A Kiom"", ""Geography of Pakistan""]"
MuSiQue,647,dbec_selective,Anti-aircraft warfare,10,0,0,"[""United States"", ""Space Race"", ""List of South American countries by population"", ""Space Race"", ""Saburro Peak""]"
MuSiQue,647,rankgpt_rank5_no_think,Anti-aircraft warfare,10,0,0,"[""Nigeria"", ""Nigeria"", ""Nigeria"", ""Demographics of Pakistan"", ""Egypt""]"
MuSiQue,647,rankgpt_select5_no_think,Anti-aircraft warfare,10,0,0,"[""Space Race"", ""Space Race"", ""Egypt"", ""Nigeria"", ""Nigeria""]"
MuSiQue,647,setr_faithful,Anti-aircraft warfare,10,0,0,"[""Space Race"", ""Nigeria"", ""List of South American countries by population"", ""Space Race"", ""Saburro Peak""]"
MuSiQue,647,source_order,Anti-aircraft warfare,10,0,0,"[""Space Race"", ""List of South American countries by population"", ""Space Race"", ""Saburro Peak"", ""Myanmar""]"
MuSiQue,647,dbec_selective,Jews,79,0,0,"[""United States"", ""Space Race"", ""List of South American countries by population"", ""Space Race"", ""Saburro Peak""]"
MuSiQue,647,rankgpt_rank5_no_think,Jews,79,0,0,"[""Nigeria"", ""Nigeria"", ""Nigeria"", ""Demographics of Pakistan"", ""Egypt""]"
MuSiQue,647,rankgpt_select5_no_think,Jews,79,0,0,"[""Space Race"", ""Space Race"", ""Egypt"", ""Nigeria"", ""Nigeria""]"
MuSiQue,647,setr_faithful,Jews,79,0,0,"[""Space Race"", ""Nigeria"", ""List of South American countries by population"", ""Space Race"", ""Saburro Peak""]"
MuSiQue,647,source_order,Jews,79,0,0,"[""Space Race"", ""List of South American countries by population"", ""Space Race"", ""Saburro Peak"", ""Myanmar""]"
MuSiQue,666,dbec_selective,"Springfield, Illinois",24,0,0,"[""Indiana"", ""Jackson Township, Randolph County, Indiana"", ""WIZE"", ""Mississippi"", ""WEVJ""]"
MuSiQue,666,rankgpt_rank5_no_think,"Springfield, Illinois",24,0,0,"[""Jackson Township, Randolph County, Indiana"", ""Minneapolis"", ""WIZE"", ""WRBJ-FM"", ""WOCA""]"
MuSiQue,666,rankgpt_select5_no_think,"Springfield, Illinois",24,0,0,"[""Jackson Township, Randolph County, Indiana"", ""WEVJ"", ""WOCA"", ""List of capitals in the United States"", ""Kentucky State Capitol""]"
MuSiQue,666,setr_faithful,"Springfield, Illinois",24,0,0,"[""Mississippi"", ""Jackson Township, Randolph County, Indiana"", ""Tallahassee, Florida"", ""WIZE"", ""WEVJ""]"
MuSiQue,666,source_order,"Springfield, Illinois",24,0,0,"[""WIZE"", ""Mississippi"", ""WEVJ"", ""Minneapolis"", ""Mount View High School (Maine)""]"
MuSiQue,666,dbec_selective,"Randolph County, Illinois",27,0,0,"[""Indiana"", ""Jackson Township, Randolph County, Indiana"", ""WIZE"", ""Mississippi"", ""WEVJ""]"
MuSiQue,666,rankgpt_rank5_no_think,"Randolph County, Illinois",27,0,0,"[""Jackson Township, Randolph County, Indiana"", ""Minneapolis"", ""WIZE"", ""WRBJ-FM"", ""WOCA""]"
MuSiQue,666,rankgpt_select5_no_think,"Randolph County, Illinois",27,0,0,"[""Jackson Township, Randolph County, Indiana"", ""WEVJ"", ""WOCA"", ""List of capitals in the United States"", ""Kentucky State Capitol""]"
MuSiQue,666,setr_faithful,"Randolph County, Illinois",27,0,0,"[""Mississippi"", ""Jackson Township, Randolph County, Indiana"", ""Tallahassee, Florida"", ""WIZE"", ""WEVJ""]"
MuSiQue,666,source_order,"Randolph County, Illinois",27,0,0,"[""WIZE"", ""Mississippi"", ""WEVJ"", ""Minneapolis"", ""Mount View High School (Maine)""]"
MuSiQue,668,dbec_selective,"History of Sacramento, California",73,0,0,"[""Atwell Mill Grove"", ""Colorado Territory"", ""Klondike Gold Rush"", ""Salt Lake City"", ""Mill City, Butte County, California""]"
MuSiQue,668,rankgpt_rank5_no_think,"History of Sacramento, California",73,0,0,"[""Atwell Mill Grove"", ""Klondike Gold Rush"", ""Millwood, South Africa"", ""Melbourne"", ""Redeeming Love""]"
MuSiQue,668,rankgpt_select5_no_think,"History of Sacramento, California",73,0,0,"[""Atwell Mill Grove"", ""Klondike Gold Rush"", ""Pete Harman"", ""Frank Borzage"", ""California Gold Rush""]"
MuSiQue,668,setr_faithful,"History of Sacramento, California",73,0,0,"[""Atwell Mill Grove"", ""Salt Lake City"", ""Arizona"", ""Mill City, Butte County, California"", ""Klondike Gold Rush""]"
MuSiQue,668,source_order,"History of Sacramento, California",73,0,0,"[""Atwell Mill Grove"", ""Salt Lake City"", ""Mill City, Butte County, California"", ""Klondike Gold Rush"", ""Pete Harman""]"
MuSiQue,668,dbec_selective,California Gold Rush,10,0,0,"[""Atwell Mill Grove"", ""Colorado Territory"", ""Klondike Gold Rush"", ""Salt Lake City"", ""Mill City, Butte County, California""]"
MuSiQue,668,rankgpt_rank5_no_think,California Gold Rush,10,0,0,"[""Atwell Mill Grove"", ""Klondike Gold Rush"", ""Millwood, South Africa"", ""Melbourne"", ""Redeeming Love""]"
MuSiQue,668,rankgpt_select5_no_think,California Gold Rush,10,1,1,"[""Atwell Mill Grove"", ""Klondike Gold Rush"", ""Pete Harman"", ""Frank Borzage"", ""California Gold Rush""]"
MuSiQue,668,setr_faithful,California Gold Rush,10,0,0,"[""Atwell Mill Grove"", ""Salt Lake City"", ""Arizona"", ""Mill City, Butte County, California"", ""Klondike Gold Rush""]"
MuSiQue,668,source_order,California Gold Rush,10,0,0,"[""Atwell Mill Grove"", ""Salt Lake City"", ""Mill City, Butte County, California"", ""Klondike Gold Rush"", ""Pete Harman""]"
MuSiQue,690,dbec_selective,Jerome Quinn,76,0,0,"[""Kaunas County"", ""Erik Jensen (American football)"", ""Aqqala County"", ""J. P. Hayes"", ""Don Werner""]"
MuSiQue,690,rankgpt_rank5_no_think,Jerome Quinn,76,0,0,"[""Erik Jensen (American football)"", ""J. P. Hayes"", ""Don Werner"", ""Anne Simonett"", ""Golestan Province""]"
MuSiQue,690,rankgpt_select5_no_think,Jerome Quinn,76,0,0,"[""Erik Jensen (American football)"", ""J. P. Hayes"", ""Don Werner"", ""Amy McKenzie"", ""Anne Simonett""]"
MuSiQue,690,setr_faithful,Jerome Quinn,76,0,0,"[""Erik Jensen (American football)"", ""Baranya County"", ""Randolph County, Illinois"", ""Kaunas County"", ""Aqqala County""]"
MuSiQue,690,source_order,Jerome Quinn,76,0,0,"[""Erik Jensen (American football)"", ""Kaunas County"", ""Aqqala County"", ""J. P. Hayes"", ""Don Werner""]"
MuSiQue,690,dbec_selective,John C. Petersen,69,0,0,"[""Kaunas County"", ""Erik Jensen (American football)"", ""Aqqala County"", ""J. P. Hayes"", ""Don Werner""]"
MuSiQue,690,rankgpt_rank5_no_think,John C. Petersen,69,0,0,"[""Erik Jensen (American football)"", ""J. P. Hayes"", ""Don Werner"", ""Anne Simonett"", ""Golestan Province""]"
MuSiQue,690,rankgpt_select5_no_think,John C. Petersen,69,0,0,"[""Erik Jensen (American football)"", ""J. P. Hayes"", ""Don Werner"", ""Amy McKenzie"", ""Anne Simonett""]"
MuSiQue,690,setr_faithful,John C. Petersen,69,0,0,"[""Erik Jensen (American football)"", ""Baranya County"", ""Randolph County, Illinois"", ""Kaunas County"", ""Aqqala County""]"
MuSiQue,690,source_order,John C. Petersen,69,0,0,"[""Erik Jensen (American football)"", ""Kaunas County"", ""Aqqala County"", ""J. P. Hayes"", ""Don Werner""]"
MuSiQue,697,dbec_selective,Heinz-Josef Große,21,0,0,"[""Ilona Richter"", ""Roman Republic"", ""Iron Curtain"", ""Bernd Baumgart"", ""Graham Oberlin-Brown""]"
MuSiQue,697,rankgpt_rank5_no_think,Heinz-Josef Große,21,0,0,"[""Ilona Richter"", ""Literature of East Germany"", ""Alfred Kurella"", ""Joachim Streich"", ""Ivo Werner""]"
MuSiQue,697,rankgpt_select5_no_think,Heinz-Josef Große,21,0,0,"[""Ilona Richter"", ""Literature of East Germany"", ""Alfred Kurella"", ""Angela Merkel"", ""Ivo Werner""]"
MuSiQue,697,setr_faithful,Heinz-Josef Große,21,0,0,"[""Ilona Richter"", ""Literature of East Germany"", ""Iron Curtain"", ""Bernd Baumgart"", ""Graham Oberlin-Brown""]"
MuSiQue,697,source_order,Heinz-Josef Große,21,0,0,"[""Iron Curtain"", ""Ilona Richter"", ""Bernd Baumgart"", ""Graham Oberlin-Brown"", ""Literature of East Germany""]"
MuSiQue,704,dbec_selective,Saudi Arabia,58,0,0,"[""Near East"", ""Battle of Qurah and Umm al Maradim"", ""Arabian Peninsula"", ""Israel"", ""Samarqand District""]"
MuSiQue,704,rankgpt_rank5_no_think,Saudi Arabia,58,0,0,"[""Near East"", ""Battle of Qurah and Umm al Maradim"", ""Jordan"", ""Israel"", ""Route 888 (Israel)""]"
MuSiQue,704,rankgpt_select5_no_think,Saudi Arabia,58,0,0,"[""Battle of Qurah and Umm al Maradim"", ""Near East"", ""Jordan"", ""Route 888 (Israel)"", ""Al-Masjid an-Nabawi""]"
MuSiQue,704,setr_faithful,Saudi Arabia,58,0,0,"[""Qaruh Island"", ""Israel"", ""Jordan"", ""Battle of Qurah and Umm al Maradim"", ""Israel""]"
MuSiQue,704,source_order,Saudi Arabia,58,0,0,"[""Battle of Qurah and Umm al Maradim"", ""Qaruh Island"", ""Israel"", ""Israel"", ""Near East""]"
MuSiQue,704,dbec_selective,Geography of Saudi Arabia,72,0,0,"[""Near East"", ""Battle of Qurah and Umm al Maradim"", ""Arabian Peninsula"", ""Israel"", ""Samarqand District""]"
MuSiQue,704,rankgpt_rank5_no_think,Geography of Saudi Arabia,72,0,0,"[""Near East"", ""Battle of Qurah and Umm al Maradim"", ""Jordan"", ""Israel"", ""Route 888 (Israel)""]"
MuSiQue,704,rankgpt_select5_no_think,Geography of Saudi Arabia,72,0,0,"[""Battle of Qurah and Umm al Maradim"", ""Near East"", ""Jordan"", ""Route 888 (Israel)"", ""Al-Masjid an-Nabawi""]"
MuSiQue,704,setr_faithful,Geography of Saudi Arabia,72,0,0,"[""Qaruh Island"", ""Israel"", ""Jordan"", ""Battle of Qurah and Umm al Maradim"", ""Israel""]"
MuSiQue,704,source_order,Geography of Saudi Arabia,72,0,0,"[""Battle of Qurah and Umm al Maradim"", ""Qaruh Island"", ""Israel"", ""Israel"", ""Near East""]"
MuSiQue,723,dbec_selective,"History of Austin, Texas",27,0,0,"[""History of Georgia (U.S. state)"", ""Alexandre de Lesseps"", ""Beyoncé"", ""Destiny's Child"", ""List of municipalities in Georgia (U.S. state)""]"
MuSiQue,723,rankgpt_rank5_no_think,"History of Austin, Texas",27,0,0,"[""Beyoncé"", ""History of Georgia (U.S. state)"", ""Savannah, Georgia"", ""List of capitals in the United States"", ""Minnesota State Capitol""]"
MuSiQue,723,rankgpt_select5_no_think,"History of Austin, Texas",27,0,0,"[""Beyoncé"", ""Savannah, Georgia"", ""History of Georgia (U.S. state)"", ""List of capitals in the United States"", ""Minnesota State Capitol""]"
MuSiQue,723,setr_faithful,"History of Austin, Texas",27,0,0,"[""Beyoncé"", ""Savannah, Georgia"", ""Tallahassee, Florida"", ""History of Georgia (U.S. state)"", ""Destiny's Child""]"
MuSiQue,723,source_order,"History of Austin, Texas",27,0,0,"[""History of Georgia (U.S. state)"", ""Beyoncé"", ""Destiny's Child"", ""List of municipalities in Georgia (U.S. state)"", ""List of capitals in the United States""]"
MuSiQue,735,dbec_selective,WWNQ,88,0,0,"[""Minnesota State Capitol"", ""Zubly Cemetery"", ""Oklahoma City"", ""List of capitals in the United States"", ""Hobcaw Barony""]"
MuSiQue,735,rankgpt_rank5_no_think,WWNQ,88,0,0,"[""Zubly Cemetery"", ""Columbia, South Carolina"", ""Charleston, South Carolina"", ""History of Georgia (U.S. state)"", ""Erskine College–Due West Historic District""]"
MuSiQue,735,rankgpt_select5_no_think,WWNQ,88,0,0,"[""Zubly Cemetery"", ""Columbia, South Carolina"", ""Charleston, South Carolina"", ""Charleston, South Carolina"", ""Savannah, Georgia""]"
MuSiQue,735,setr_faithful,WWNQ,88,0,0,"[""Zubly Cemetery"", ""Columbia, South Carolina"", ""Charleston, South Carolina"", ""Hobcaw Barony"", ""Forest Acres, South Carolina""]"
MuSiQue,735,source_order,WWNQ,88,0,0,"[""Zubly Cemetery"", ""Hobcaw Barony"", ""Columbia, South Carolina"", ""Charleston, South Carolina"", ""Forest Acres, South Carolina""]"
MuSiQue,736,dbec_selective,"Cleveland, North Carolina",55,0,0,"[""The Definitive Collection (Eric Carmen album)"", ""Hungry Eyes"", ""Hungry Eyes"", ""She's Like the Wind"", ""Dirty Dancing""]"
MuSiQue,736,rankgpt_rank5_no_think,"Cleveland, North Carolina",55,0,0,"[""Dirty Dancing"", ""Hungry Eyes"", ""Hungry Eyes"", ""The Definitive Collection (Eric Carmen album)"", ""Zoltán Huszárik""]"
MuSiQue,736,rankgpt_select5_no_think,"Cleveland, North Carolina",55,0,0,"[""Hungry Eyes"", ""Dirty Dancing"", ""Zoltán Huszárik"", ""Baranya County"", ""Linndale, Ohio""]"
MuSiQue,736,setr_faithful,"Cleveland, North Carolina",55,0,0,"[""Hungry Eyes"", ""The Definitive Collection (Eric Carmen album)"", ""Robert Abel (animator)"", ""Hungry Eyes"", ""She's Like the Wind""]"
MuSiQue,736,source_order,"Cleveland, North Carolina",55,0,0,"[""Hungry Eyes"", ""Hungry Eyes"", ""The Definitive Collection (Eric Carmen album)"", ""She's Like the Wind"", ""Dirty Dancing""]"
MuSiQue,759,dbec_selective,Paula Santiago,23,0,0,"[""Louis Chedid"", ""History of the west coast of North America"", ""Sergio Villanueva"", ""Vicente Yáñez Pinzón"", ""Francisco de Orellana""]"
MuSiQue,759,rankgpt_rank5_no_think,Paula Santiago,23,0,0,"[""Sergio Villanueva"", ""Vicente Yáñez Pinzón"", ""Francisco de Orellana"", ""Francisco de Eliza"", ""Francisco H. Vázquez""]"
MuSiQue,759,rankgpt_select5_no_think,Paula Santiago,23,0,0,"[""Sergio Villanueva"", ""Manuel Balbi"", ""Exploration of North America"", ""San Diego"", ""San Miguel de Allende""]"
MuSiQue,759,setr_faithful,Paula Santiago,23,0,0,"[""Sergio Villanueva"", ""Vicente Yáñez Pinzón"", ""Francisco de Orellana"", ""Pedro Álvares Cabral"", ""Francisco de Eliza""]"
MuSiQue,759,source_order,Paula Santiago,23,0,0,"[""Vicente Yáñez Pinzón"", ""Sergio Villanueva"", ""Francisco de Orellana"", ""Pedro Álvares Cabral"", ""Francisco de Eliza""]"
MuSiQue,759,dbec_selective,Sebastian Cabot (explorer),7,0,0,"[""Louis Chedid"", ""History of the west coast of North America"", ""Sergio Villanueva"", ""Vicente Yáñez Pinzón"", ""Francisco de Orellana""]"
MuSiQue,759,rankgpt_rank5_no_think,Sebastian Cabot (explorer),7,0,0,"[""Sergio Villanueva"", ""Vicente Yáñez Pinzón"", ""Francisco de Orellana"", ""Francisco de Eliza"", ""Francisco H. Vázquez""]"
MuSiQue,759,rankgpt_select5_no_think,Sebastian Cabot (explorer),7,0,0,"[""Sergio Villanueva"", ""Manuel Balbi"", ""Exploration of North America"", ""San Diego"", ""San Miguel de Allende""]"
MuSiQue,759,setr_faithful,Sebastian Cabot (explorer),7,0,0,"[""Sergio Villanueva"", ""Vicente Yáñez Pinzón"", ""Francisco de Orellana"", ""Pedro Álvares Cabral"", ""Francisco de Eliza""]"
MuSiQue,759,source_order,Sebastian Cabot (explorer),7,0,0,"[""Vicente Yáñez Pinzón"", ""Sergio Villanueva"", ""Francisco de Orellana"", ""Pedro Álvares Cabral"", ""Francisco de Eliza""]"
MuSiQue,769,dbec_selective,"Springfield, Illinois",28,0,0,"[""Indiana"", ""Ward Township, Randolph County, Indiana"", ""WIZE"", ""Ohio"", ""KKSS""]"
MuSiQue,769,rankgpt_rank5_no_think,"Springfield, Illinois",28,0,0,"[""Ward Township, Randolph County, Indiana"", ""Indiana"", ""Tallahassee, Florida"", ""Springfield National Cemetery"", ""Kentucky State Capitol""]"
MuSiQue,769,rankgpt_select5_no_think,"Springfield, Illinois",28,0,0,"[""Ward Township, Randolph County, Indiana"", ""Indiana"", ""Jackson Township, Randolph County, Indiana"", ""Saint Paul, Minnesota"", ""Kentucky State Capitol""]"
MuSiQue,769,setr_faithful,"Springfield, Illinois",28,0,0,"[""Ward Township, Randolph County, Indiana"", ""Indiana"", ""List of capitals in the United States"", ""WIZE"", ""Ohio""]"
MuSiQue,769,source_order,"Springfield, Illinois",28,0,0,"[""WIZE"", ""Ohio"", ""KKSS"", ""WLUJ"", ""WHOS""]"
MuSiQue,769,dbec_selective,"Randolph County, Illinois",31,0,0,"[""Indiana"", ""Ward Township, Randolph County, Indiana"", ""WIZE"", ""Ohio"", ""KKSS""]"
MuSiQue,769,rankgpt_rank5_no_think,"Randolph County, Illinois",31,0,0,"[""Ward Township, Randolph County, Indiana"", ""Indiana"", ""Tallahassee, Florida"", ""Springfield National Cemetery"", ""Kentucky State Capitol""]"
MuSiQue,769,rankgpt_select5_no_think,"Randolph County, Illinois",31,0,0,"[""Ward Township, Randolph County, Indiana"", ""Indiana"", ""Jackson Township, Randolph County, Indiana"", ""Saint Paul, Minnesota"", ""Kentucky State Capitol""]"
MuSiQue,769,setr_faithful,"Randolph County, Illinois",31,0,0,"[""Ward Township, Randolph County, Indiana"", ""Indiana"", ""List of capitals in the United States"", ""WIZE"", ""Ohio""]"
MuSiQue,769,source_order,"Randolph County, Illinois",31,0,0,"[""WIZE"", ""Ohio"", ""KKSS"", ""WLUJ"", ""WHOS""]"
MuSiQue,774,dbec_selective,Geography of Myanmar,27,0,0,"[""2020 AFC U-23 Championship qualification"", ""A Don"", ""FIFA World Cup"", ""A Lim"", ""A Kiom""]"
MuSiQue,774,rankgpt_rank5_no_think,Geography of Myanmar,27,0,0,"[""2020 AFC U-23 Championship qualification"", ""A Don"", ""Thailand"", ""Myanmar"", ""2023 Rugby World Cup""]"
MuSiQue,774,rankgpt_select5_no_think,Geography of Myanmar,27,0,0,"[""2020 AFC U-23 Championship qualification"", ""A Don"", ""Thailand"", ""Dodi Island"", ""ISO 3166-2:AD""]"
MuSiQue,774,setr_faithful,Geography of Myanmar,27,0,0,"[""2020 AFC U-23 Championship qualification"", ""A Don"", ""Thailand"", ""FIFA World Cup"", ""A Lim""]"
MuSiQue,774,source_order,Geography of Myanmar,27,0,0,"[""2020 AFC U-23 Championship qualification"", ""A Don"", ""FIFA World Cup"", ""A Lim"", ""A Kiom""]"
MuSiQue,774,dbec_selective,Myanmar,6,0,0,"[""2020 AFC U-23 Championship qualification"", ""A Don"", ""FIFA World Cup"", ""A Lim"", ""A Kiom""]"
MuSiQue,774,rankgpt_rank5_no_think,Myanmar,6,1,1,"[""2020 AFC U-23 Championship qualification"", ""A Don"", ""Thailand"", ""Myanmar"", ""2023 Rugby World Cup""]"
MuSiQue,774,rankgpt_select5_no_think,Myanmar,6,0,0,"[""2020 AFC U-23 Championship qualification"", ""A Don"", ""Thailand"", ""Dodi Island"", ""ISO 3166-2:AD""]"
MuSiQue,774,setr_faithful,Myanmar,6,0,0,"[""2020 AFC U-23 Championship qualification"", ""A Don"", ""Thailand"", ""FIFA World Cup"", ""A Lim""]"
MuSiQue,774,source_order,Myanmar,6,0,0,"[""2020 AFC U-23 Championship qualification"", ""A Don"", ""FIFA World Cup"", ""A Lim"", ""A Kiom""]"
MuSiQue,803,dbec_selective,South Central Coast,5,0,0,"[""Hạ Hòa District"", ""Zone 5 Military Museum, Danang"", ""Việt Yên District"", ""Lâm Thao District"", ""Museum of Cham Sculpture""]"
MuSiQue,803,rankgpt_rank5_no_think,South Central Coast,5,1,1,"[""Zone 5 Military Museum, Danang"", ""South Central Coast"", ""Hạ Hòa District"", ""Northeast (Vietnam)"", ""Lâm Đồng Province""]"
MuSiQue,803,rankgpt_select5_no_think,South Central Coast,5,1,1,"[""Zone 5 Military Museum, Danang"", ""Hạ Hòa District"", ""South Central Coast"", ""A Lưới District"", ""Northeast (Vietnam)""]"
MuSiQue,803,setr_faithful,South Central Coast,5,0,0,"[""Hạ Hòa District"", ""Zone 5 Military Museum, Danang"", ""Việt Yên District"", ""Lâm Thao District"", ""Museum of Cham Sculpture""]"
MuSiQue,803,source_order,South Central Coast,5,0,0,"[""Zone 5 Military Museum, Danang"", ""Hạ Hòa District"", ""Việt Yên District"", ""Lâm Thao District"", ""Museum of Cham Sculpture""]"
MuSiQue,810,dbec_selective,Jerome Quinn,5,0,0,"[""Tenement (band)"", ""Kaunas County"", ""Danko Jones"", ""John C. Petersen"", ""KRSU (FM)""]"
MuSiQue,810,rankgpt_rank5_no_think,Jerome Quinn,5,0,0,"[""Tenement (band)"", ""John C. Petersen"", ""Portage, Wisconsin"", ""KRSU (FM)"", ""WNAM""]"
MuSiQue,810,rankgpt_select5_no_think,Jerome Quinn,5,0,0,"[""Tenement (band)"", ""John C. Petersen"", ""Portage, Wisconsin"", ""Kaunas County"", ""Tennessee""]"
MuSiQue,810,setr_faithful,Jerome Quinn,5,0,0,"[""Tenement (band)"", ""John C. Petersen"", ""Portage, Wisconsin"", ""Kaunas County"", ""Danko Jones""]"
MuSiQue,810,source_order,Jerome Quinn,5,0,0,"[""Tenement (band)"", ""Kaunas County"", ""Danko Jones"", ""John C. Petersen"", ""KRSU (FM)""]"
MuSiQue,810,dbec_selective,Pulaski High School,17,0,0,"[""Tenement (band)"", ""Kaunas County"", ""Danko Jones"", ""John C. Petersen"", ""KRSU (FM)""]"
MuSiQue,810,rankgpt_rank5_no_think,Pulaski High School,17,0,0,"[""Tenement (band)"", ""John C. Petersen"", ""Portage, Wisconsin"", ""KRSU (FM)"", ""WNAM""]"
MuSiQue,810,rankgpt_select5_no_think,Pulaski High School,17,0,0,"[""Tenement (band)"", ""John C. Petersen"", ""Portage, Wisconsin"", ""Kaunas County"", ""Tennessee""]"
MuSiQue,810,setr_faithful,Pulaski High School,17,0,0,"[""Tenement (band)"", ""John C. Petersen"", ""Portage, Wisconsin"", ""Kaunas County"", ""Danko Jones""]"
MuSiQue,810,source_order,Pulaski High School,17,0,0,"[""Tenement (band)"", ""Kaunas County"", ""Danko Jones"", ""John C. Petersen"", ""KRSU (FM)""]"
MuSiQue,815,dbec_selective,Adult contemporary music,81,0,0,"[""Edward Fokczyński"", ""The Biggest Loser Brunei: Lose It All"", ""WXBQ-FM"", ""Labu, Temburong"", ""The Biggest Loser (season 1)""]"
MuSiQue,815,rankgpt_rank5_no_think,Adult contemporary music,81,0,0,"[""Labu, Temburong"", ""The Biggest Loser Brunei: Lose It All"", ""Nuraliza Osman"", ""Huejotla"", ""Pesanggrahan, South Jakarta""]"
MuSiQue,815,rankgpt_select5_no_think,Adult contemporary music,81,0,0,"[""Labu, Temburong"", ""The Biggest Loser Brunei: Lose It All"", ""Labo M"", ""Jason Keng-Kwin Chan"", ""ISO 3166-2:BN""]"
MuSiQue,815,setr_faithful,Adult contemporary music,81,0,0,"[""The Biggest Loser Brunei: Lose It All"", ""Labu, Temburong"", ""The Biggest Loser (season 1)"", ""Labu dan Labi"", ""Ali Vincent""]"
MuSiQue,815,source_order,Adult contemporary music,81,0,0,"[""The Biggest Loser Brunei: Lose It All"", ""Labu, Temburong"", ""The Biggest Loser (season 1)"", ""Labu dan Labi"", ""Ali Vincent""]"
MuSiQue,837,dbec_selective,Casa Loma,88,0,0,"[""Greifensee Castle"", ""Born a Lion"", ""Krimulda Castle"", ""We Sweat Blood"", ""Baynard's Castle""]"
MuSiQue,837,rankgpt_rank5_no_think,Casa Loma,88,0,0,"[""Danko Jones"", ""Robert Fitz Richard"", ""Windsor Castle"", ""Baynard's Castle"", ""City and Brixton Railway""]"
MuSiQue,837,rankgpt_select5_no_think,Casa Loma,88,0,0,"[""Danko Jones"", ""Robert Fitz Richard"", ""Born a Lion"", ""Oskar Maria Graf"", ""Windsor Castle""]"
MuSiQue,837,setr_faithful,Casa Loma,88,0,0,"[""Danko Jones"", ""Baynard's Castle"", ""Born a Lion"", ""We Sweat Blood"", ""Robert Fitz Richard""]"
MuSiQue,837,source_order,Casa Loma,88,0,0,"[""Born a Lion"", ""We Sweat Blood"", ""Baynard's Castle"", ""Robert Fitz Richard"", ""Danko Jones""]"
MuSiQue,863,dbec_selective,South Central Coast,5,0,0,"[""Lâm Thao District"", ""John Phan"", ""Robert Perew"", ""Hạ Hòa District"", ""Việt Yên District""]"
MuSiQue,863,rankgpt_rank5_no_think,South Central Coast,5,0,0,"[""John Phan"", ""Lâm Thao District"", ""Northeast (Vietnam)"", ""Việt Yên District"", ""Lâm Đồng Province""]"
MuSiQue,863,rankgpt_select5_no_think,South Central Coast,5,0,0,"[""John Phan"", ""Lâm Thao District"", ""Hạ Hòa District"", ""Việt Yên District"", ""Lâm Đồng Province""]"
MuSiQue,863,setr_faithful,South Central Coast,5,0,0,"[""John Phan"", ""Lâm Thao District"", ""Hạ Hòa District"", ""Việt Yên District"", ""Lâm Đồng Province""]"
MuSiQue,863,source_order,South Central Coast,5,0,0,"[""John Phan"", ""Lâm Thao District"", ""Hạ Hòa District"", ""Việt Yên District"", ""Lâm Đồng Province""]"
MuSiQue,886,dbec_selective,César Gabriel de Choiseul,33,0,0,"[""Maria Theresa of Naples and Sicily"", ""Klejwy PGR"", ""Ashkenazi Jews"", ""Florimond Claude, Comte de Mercy-Argenteau"", ""Rose Bertin""]"
MuSiQue,886,rankgpt_rank5_no_think,César Gabriel de Choiseul,33,0,0,"[""1939 German ultimatum to Lithuania"", ""Spain"", ""Israel"", ""Middle Ages"", ""Szlachta""]"
MuSiQue,886,rankgpt_select5_no_think,César Gabriel de Choiseul,33,1,1,"[""Middle Ages"", ""Marie Anne de Bourbon"", ""Louise Élisabeth d'Orléans"", ""César Gabriel de Choiseul"", ""Renault FT""]"
MuSiQue,886,setr_faithful,César Gabriel de Choiseul,33,0,0,"[""Kaliningrad"", ""Middle Ages"", ""Maria Theresa of Naples and Sicily"", ""Florimond Claude, Comte de Mercy-Argenteau"", ""Rose Bertin""]"
MuSiQue,886,source_order,César Gabriel de Choiseul,33,0,0,"[""Florimond Claude, Comte de Mercy-Argenteau"", ""Rose Bertin"", ""Kaliningrad"", ""Ashkenazi Jews"", ""Ashkenazi Jews""]"
MuSiQue,892,dbec_selective,Scion (automobile),5,0,0,"[""Toyota"", ""Acura Legend"", ""1973 oil crisis"", ""Acura RL"", ""Acura RLX""]"
MuSiQue,892,rankgpt_rank5_no_think,Scion (automobile),5,1,1,"[""Scion (automobile)"", ""Acura RL"", ""Acura EL"", ""Acura RDX"", ""Nissan Rogue""]"
MuSiQue,892,rankgpt_select5_no_think,Scion (automobile),5,1,1,"[""Acura RL"", ""Scion (automobile)"", ""Acura EL"", ""Scion xD"", ""Nissan Rogue""]"
MuSiQue,892,setr_faithful,Scion (automobile),5,0,0,"[""1973 oil crisis"", ""Toyota"", ""Acura Legend"", ""Acura RL"", ""Acura RLX""]"
MuSiQue,892,source_order,Scion (automobile),5,0,0,"[""1973 oil crisis"", ""Acura Legend"", ""Acura RL"", ""Acura RLX"", ""Toyota""]"
MuSiQue,901,dbec_selective,Minneapolis,22,0,0,"[""New York City"", ""Ohio River"", ""Write This Down (band)"", ""New York City"", ""Allegheny River""]"
MuSiQue,901,rankgpt_rank5_no_think,Minneapolis,22,0,0,"[""Write This Down (band)"", ""Allegheny River"", ""Ohio River"", ""Shippingport, Pennsylvania"", ""Murraysville, West Virginia""]"
MuSiQue,901,rankgpt_select5_no_think,Minneapolis,22,0,0,"[""Write This Down (band)"", ""Allegheny River"", ""Proctorville, Ohio"", ""Shippingport, Pennsylvania"", ""Ohio River""]"
MuSiQue,901,setr_faithful,Minneapolis,22,0,0,"[""Write This Down (band)"", ""Allegheny River"", ""List of crossings of the Kiskiminetas River"", ""Ohio River"", ""Monongahela City Bridge""]"
MuSiQue,901,source_order,Minneapolis,22,0,0,"[""Allegheny River"", ""List of crossings of the Kiskiminetas River"", ""Ohio River"", ""Monongahela City Bridge"", ""Petroleum Street Bridge""]"
MuSiQue,902,dbec_selective,Jerome Quinn,50,0,0,"[""Baranya County"", ""Don Werner"", ""Oklahoma City"", ""J. P. Hayes"", ""Anne Simonett""]"
MuSiQue,902,rankgpt_rank5_no_think,Jerome Quinn,50,0,0,"[""Don Werner"", ""Oklahoma City"", ""J. P. Hayes"", ""Erik Jensen (American football)"", ""Amy McKenzie""]"
MuSiQue,902,rankgpt_select5_no_think,Jerome Quinn,50,0,0,"[""Don Werner"", ""Oklahoma City"", ""J. P. Hayes"", ""Erik Jensen (American football)"", ""Baranya County""]"
MuSiQue,902,setr_faithful,Jerome Quinn,50,0,0,"[""Don Werner"", ""Oklahoma City"", ""J. P. Hayes"", ""Anne Simonett"", ""Erik Jensen (American football)""]"
MuSiQue,902,source_order,Jerome Quinn,50,0,0,"[""Don Werner"", ""Oklahoma City"", ""J. P. Hayes"", ""Anne Simonett"", ""Erik Jensen (American football)""]"
MuSiQue,908,dbec_selective,New York Yankees,19,0,0,"[""World Series"", ""Opening Day"", ""Major League Baseball Most Valuable Player Award"", ""Sports league ranking"", ""2018–19 NHL season""]"
MuSiQue,908,rankgpt_rank5_no_think,New York Yankees,19,0,0,"[""Major League Baseball Most Valuable Player Award"", ""Opening Day"", ""Major League Baseball schedule"", ""World Series"", ""2018 Major League Baseball season""]"
MuSiQue,908,rankgpt_select5_no_think,New York Yankees,19,0,0,"[""Major League Baseball Most Valuable Player Award"", ""World Series"", ""2017 World Series"", ""Opening Day"", ""2018 Major League Baseball season""]"
MuSiQue,908,setr_faithful,New York Yankees,19,0,0,"[""World Series"", ""Major League Baseball schedule"", ""2018 Major League Baseball season"", ""NBA Most Valuable Player Award"", ""Opening Day""]"
MuSiQue,908,source_order,New York Yankees,19,0,0,"[""NBA Most Valuable Player Award"", ""Major League Baseball schedule"", ""Opening Day"", ""Major League Baseball Most Valuable Player Award"", ""World Series""]"
MuSiQue,922,dbec_selective,2020 AFC U-23 Championship qualification,66,0,0,"[""United States men's national soccer team"", ""That Dam"", ""1986 FIFA World Cup"", ""Switzerland"", ""Pakxan""]"
MuSiQue,922,rankgpt_rank5_no_think,2020 AFC U-23 Championship qualification,66,0,0,"[""That Dam"", ""Indo-Pakistani wars and conflicts"", ""Ban Pakpo"", ""Germans"", ""Pacific War""]"
MuSiQue,922,rankgpt_select5_no_think,2020 AFC U-23 Championship qualification,66,0,0,"[""That Dam"", ""Indo-Pakistani wars and conflicts"", ""2018 FIFA World Cup"", ""Franco-Prussian War"", ""Germans""]"
MuSiQue,922,setr_faithful,2020 AFC U-23 Championship qualification,66,0,0,"[""That Dam"", ""Switzerland"", ""2017 FIFA Confederations Cup"", ""Pakxan"", ""UEFA Euro 2012 Final""]"
MuSiQue,922,source_order,2020 AFC U-23 Championship qualification,66,0,0,"[""That Dam"", ""Switzerland"", ""Pakxan"", ""UEFA Euro 2012 Final"", ""2018 Winter Olympics""]"
MuSiQue,925,dbec_selective,Reformation,8,0,0,"[""Mary, mother of Jesus"", ""Sokolniki District"", ""Jesus Varela"", ""Mary, mother of Jesus"", ""Wittenberg (district)""]"
MuSiQue,925,rankgpt_rank5_no_think,Reformation,8,0,0,"[""Jesus Varela"", ""Henry Scott Holland"", ""Rudolph Goclenius the Younger"", ""Modelo Brewery"", ""Cathedral of Saint Mary of the Immaculate Conception (Lafayette, Indiana)""]"
MuSiQue,925,rankgpt_select5_no_think,Reformation,8,0,0,"[""Jesus Varela"", ""Henry Scott Holland"", ""Rudolph Goclenius the Younger"", ""Westminster Abbey"", ""Roman Catholic Diocese of San Luis""]"
MuSiQue,925,setr_faithful,Reformation,8,0,0,"[""Jesus Varela"", ""Ambroise-Marie Carré"", ""Rudolph Goclenius the Younger"", ""Mary, mother of Jesus"", ""Mary, mother of Jesus""]"
MuSiQue,925,source_order,Reformation,8,0,0,"[""Jesus Varela"", ""Mary, mother of Jesus"", ""Mary, mother of Jesus"", ""Wittenberg (district)"", ""Mary, mother of Jesus""]"
MuSiQue,943,dbec_selective,South Central Coast,5,0,0,"[""Lâm Thao District"", ""Zone 5 Military Museum, Danang"", ""Hạ Hòa District"", ""Việt Yên District"", ""Museum of Cham Sculpture""]"
MuSiQue,943,rankgpt_rank5_no_think,South Central Coast,5,1,1,"[""Lâm Thao District"", ""Zone 5 Military Museum, Danang"", ""South Central Coast"", ""Lâm Đồng Province"", ""Museum of Cham Sculpture""]"
MuSiQue,943,rankgpt_select5_no_think,South Central Coast,5,1,1,"[""Zone 5 Military Museum, Danang"", ""Lâm Thao District"", ""South Central Coast"", ""Museum of Cham Sculpture"", ""Museum of Trade Ceramics""]"
MuSiQue,943,setr_faithful,South Central Coast,5,0,0,"[""Zone 5 Military Museum, Danang"", ""Lâm Thao District"", ""Hạ Hòa District"", ""Việt Yên District"", ""Museum of Cham Sculpture""]"
MuSiQue,943,source_order,South Central Coast,5,0,0,"[""Zone 5 Military Museum, Danang"", ""Lâm Thao District"", ""Hạ Hòa District"", ""Việt Yên District"", ""Museum of Cham Sculpture""]"
MuSiQue,946,dbec_selective,Casa Loma,71,0,0,"[""Casa Natal del General Santander"", ""When I Was a Boy"", ""Primo Riccitelli"", ""Claus von Stauffenberg"", ""Prince Jean of Luxembourg""]"
MuSiQue,946,rankgpt_rank5_no_think,Casa Loma,71,0,0,"[""When I Was a Boy"", ""Julian Lennon"", ""Prince Jean of Luxembourg"", ""Anne Aston"", ""Steven Gerrard""]"
MuSiQue,946,rankgpt_select5_no_think,Casa Loma,71,0,0,"[""When I Was a Boy"", ""Julian Lennon"", ""Czocha Castle"", ""Algernon Methuen"", ""Leonhard Seppala""]"
MuSiQue,946,setr_faithful,Casa Loma,71,0,0,"[""When I Was a Boy"", ""Claus von Stauffenberg"", ""Prince Jean of Luxembourg"", ""Ben Castle"", ""Ray Stewart (Scottish footballer)""]"
MuSiQue,946,source_order,Casa Loma,71,0,0,"[""Claus von Stauffenberg"", ""Prince Jean of Luxembourg"", ""Ben Castle"", ""Ray Stewart (Scottish footballer)"", ""Bette Rogge""]"
MuSiQue,946,dbec_selective,Gavin Bradley,45,0,0,"[""Casa Natal del General Santander"", ""When I Was a Boy"", ""Primo Riccitelli"", ""Claus von Stauffenberg"", ""Prince Jean of Luxembourg""]"
MuSiQue,946,rankgpt_rank5_no_think,Gavin Bradley,45,0,0,"[""When I Was a Boy"", ""Julian Lennon"", ""Prince Jean of Luxembourg"", ""Anne Aston"", ""Steven Gerrard""]"
MuSiQue,946,rankgpt_select5_no_think,Gavin Bradley,45,0,0,"[""When I Was a Boy"", ""Julian Lennon"", ""Czocha Castle"", ""Algernon Methuen"", ""Leonhard Seppala""]"
MuSiQue,946,setr_faithful,Gavin Bradley,45,0,0,"[""When I Was a Boy"", ""Claus von Stauffenberg"", ""Prince Jean of Luxembourg"", ""Ben Castle"", ""Ray Stewart (Scottish footballer)""]"
MuSiQue,946,source_order,Gavin Bradley,45,0,0,"[""Claus von Stauffenberg"", ""Prince Jean of Luxembourg"", ""Ben Castle"", ""Ray Stewart (Scottish footballer)"", ""Bette Rogge""]"
MuSiQue,954,dbec_selective,Adult contemporary music,72,0,0,"[""The Biggest Loser Brunei: Lose It All"", ""Kelupis"", ""The Biggest Loser (season 1)"", ""The Biggest Loser (season 16)"", ""The Biggest Loser (season 2)""]"
MuSiQue,954,rankgpt_rank5_no_think,Adult contemporary music,72,0,0,"[""Kelupis"", ""The Biggest Loser Brunei: Lose It All"", ""The Biggest Loser (season 16)"", ""Ali Vincent"", ""Big Brother Brasil 2""]"
MuSiQue,954,rankgpt_select5_no_think,Adult contemporary music,72,0,0,"[""Kelupis"", ""The Biggest Loser Brunei: Lose It All"", ""The Biggest Loser (season 16)"", ""Ali Vincent"", ""Carl Kasell""]"
MuSiQue,954,setr_faithful,Adult contemporary music,72,0,0,"[""The Biggest Loser Brunei: Lose It All"", ""Kelupis"", ""The Biggest Loser (season 1)"", ""The Biggest Loser (season 16)"", ""The Biggest Loser (season 2)""]"
MuSiQue,954,source_order,Adult contemporary music,72,0,0,"[""The Biggest Loser Brunei: Lose It All"", ""Kelupis"", ""The Biggest Loser (season 1)"", ""The Biggest Loser (season 16)"", ""The Biggest Loser (season 2)""]"
MuSiQue,979,dbec_selective,Sazerac,23,0,0,"[""Aerotech Consumer Aerospace"", ""Black people"", ""Ten High"", ""General Electric"", ""New York City""]"
MuSiQue,979,rankgpt_rank5_no_think,Sazerac,23,0,0,"[""Detroit"", ""Detroit"", ""William Russell Grace"", ""Francis Bloodgood"", ""John J. Barton""]"
MuSiQue,979,rankgpt_select5_no_think,Sazerac,23,0,0,"[""Ten High"", ""Detroit"", ""Detroit"", ""Detroit"", ""Nicholas Girod""]"
MuSiQue,979,setr_faithful,Sazerac,23,0,0,"[""Ten High"", ""Detroit"", ""1967 Detroit riot"", ""Ann Arbor, Michigan"", ""New York City""]"
MuSiQue,979,source_order,Sazerac,23,0,0,"[""Ten High"", ""1967 Detroit riot"", ""Ann Arbor, Michigan"", ""New York City"", ""Black people""]"
MuSiQue,997,dbec_selective,Shigeyuki Hori,16,0,0,"[""1973 oil crisis"", ""Acura Legend"", ""Nissan Rogue"", ""Lexus RX"", ""Datsun""]"
MuSiQue,997,rankgpt_rank5_no_think,Shigeyuki Hori,16,0,0,"[""Acura Legend"", ""Lexus RX"", ""Nissan Fuga"", ""Nissan Rogue"", ""Acura RDX""]"
MuSiQue,997,rankgpt_select5_no_think,Shigeyuki Hori,16,0,0,"[""Acura Legend"", ""Lexus RX"", ""Acura RDX"", ""Datsun"", ""Datsun Type 12""]"
MuSiQue,997,setr_faithful,Shigeyuki Hori,16,0,0,"[""1973 oil crisis"", ""Toyota"", ""Acura RL"", ""Acura RLX"", ""Acura Legend""]"
MuSiQue,997,source_order,Shigeyuki Hori,16,0,0,"[""1973 oil crisis"", ""Acura RL"", ""Acura RLX"", ""Acura Legend"", ""Acura MDX""]"
