pool,dataset,slice,comparison,metric,left_mean,right_mean,n,delta_mean,ci_low,ci_high,p_delta_gt_0,ci_excludes_zero
PropRAG,2Wiki,all,DBEC-IG - DBEC-nobinding,EM,0.642,0.548,1000,0.094,0.072,0.116,1.0,True
PropRAG,2Wiki,all,DBEC-IG - DBEC-nobinding,F1,0.7118277000000001,0.6119903,1000,0.0998374,0.0787044575,0.1211370275,1.0,True
PropRAG,2Wiki,all,DBEC-IG - DBEC-nobinding,R5_TITLE,0.941,0.8625,1000,0.0785,0.06699375,0.0905,1.0,True
PropRAG,2Wiki,all,DBEC-IG - DBEC,EM,0.642,0.642,1000,0.0,0.0,0.0,0.0,False
PropRAG,2Wiki,all,DBEC-IG - DBEC,F1,0.7118277000000001,0.7118277000000001,1000,0.0,0.0,0.0,0.0,False
PropRAG,2Wiki,all,DBEC-IG - DBEC,R5_TITLE,0.941,0.941,1000,0.0,0.0,0.0,0.0,False
PropRAG,2Wiki,all,DBEC-IG - SetR-faithful,EM,0.642,0.603,1000,0.039,0.015,0.062,0.9989,True
PropRAG,2Wiki,all,DBEC-IG - SetR-faithful,F1,0.7118277000000001,0.6746146325896326,1000,0.03721306741036741,0.015544137650127651,0.0595522111097236,0.9998,True
PropRAG,2Wiki,all,DBEC-IG - SetR-faithful,R5_TITLE,0.941,0.884,1000,0.057,0.0435,0.0705,1.0,True
PropRAG,2Wiki,all,DBEC-IG - SetR-style k20,EM,0.642,0.624,1000,0.018,-0.004,0.039,0.944,False
PropRAG,2Wiki,all,DBEC-IG - SetR-style k20,F1,0.7118277000000001,0.6936320929070929,1000,0.018195607092907094,-0.001253625375180372,0.038551504798534794,0.9647,False
PropRAG,2Wiki,all,DBEC-IG - SetR-style k20,R5_TITLE,0.941,0.9425,1000,-0.0015,-0.01225,0.009,0.3835,False
PropRAG,2Wiki,all,DBEC-IG - RankGPT-style sliding,EM,0.642,0.602,1000,0.04,0.018,0.062,0.9996,True
PropRAG,2Wiki,all,DBEC-IG - RankGPT-style sliding,F1,0.7118277000000001,0.6658764652014652,1000,0.0459512347985348,0.024464450143467643,0.06804994055555555,1.0,True
PropRAG,2Wiki,all,DBEC-IG - RankGPT-style sliding,R5_TITLE,0.941,0.91175,1000,0.02925,0.01575,0.04275,1.0,True
PropRAG,2Wiki,all,DBEC-nobinding - SetR-faithful,EM,0.548,0.603,1000,-0.055,-0.08,-0.029,0.0,True
PropRAG,2Wiki,all,DBEC-nobinding - SetR-faithful,F1,0.6119903,0.6746146325896326,1000,-0.0626243325896326,-0.08749611137085138,-0.037112459957264955,0.0,True
PropRAG,2Wiki,all,DBEC-nobinding - SetR-faithful,R5_TITLE,0.8625,0.884,1000,-0.0215,-0.0365,-0.0065,0.0016,True
PropRAG,2Wiki,support_depth=2,DBEC-IG - DBEC-nobinding,EM,0.5581699346405229,0.47581699346405226,765,0.08235294117647059,0.058823529411764705,0.10588235294117647,1.0,True
PropRAG,2Wiki,support_depth=2,DBEC-IG - DBEC-nobinding,F1,0.6494469281045752,0.5594644444444445,765,0.08998248366013073,0.0676815816993464,0.11296641176470587,1.0,True
PropRAG,2Wiki,support_depth=2,DBEC-IG - DBEC-nobinding,R5_TITLE,0.9444444444444444,0.8679738562091504,765,0.07647058823529412,0.06274509803921569,0.09019607843137255,1.0,True
PropRAG,2Wiki,support_depth=2,DBEC-IG - DBEC,EM,0.5581699346405229,0.5581699346405229,765,0.0,0.0,0.0,0.0,False
PropRAG,2Wiki,support_depth=2,DBEC-IG - DBEC,F1,0.6494469281045752,0.6494469281045752,765,0.0,0.0,0.0,0.0,False
PropRAG,2Wiki,support_depth=2,DBEC-IG - DBEC,R5_TITLE,0.9444444444444444,0.9444444444444444,765,0.0,0.0,0.0,0.0,False
PropRAG,2Wiki,support_depth=2,DBEC-IG - SetR-faithful,EM,0.5581699346405229,0.5529411764705883,765,0.00522875816993464,-0.0196078431372549,0.03137254901960784,0.6415,False
PropRAG,2Wiki,support_depth=2,DBEC-IG - SetR-faithful,F1,0.6494469281045752,0.6449573991730855,765,0.0044895289314897165,-0.018259509717950893,0.027253911420460426,0.6538,False
PropRAG,2Wiki,support_depth=2,DBEC-IG - SetR-faithful,R5_TITLE,0.9444444444444444,0.9150326797385621,765,0.029411764705882353,0.015032679738562092,0.044444444444444446,1.0,True
PropRAG,2Wiki,support_depth=2,DBEC-IG - SetR-style k20,EM,0.5581699346405229,0.5490196078431373,765,0.009150326797385621,-0.01568627450980392,0.03398692810457516,0.7507,False
PropRAG,2Wiki,support_depth=2,DBEC-IG - SetR-style k20,F1,0.6494469281045752,0.6396062216650452,765,0.00984070643952997,-0.012187463175894548,0.032019949938224414,0.8084,False
PropRAG,2Wiki,support_depth=2,DBEC-IG - SetR-style k20,R5_TITLE,0.9444444444444444,0.949673202614379,765,-0.00522875816993464,-0.01699346405228758,0.006535947712418301,0.1851,False
PropRAG,2Wiki,support_depth=2,DBEC-IG - RankGPT-style sliding,EM,0.5581699346405229,0.5241830065359477,765,0.03398692810457516,0.009150326797385621,0.06013071895424837,0.995,True
PropRAG,2Wiki,support_depth=2,DBEC-IG - RankGPT-style sliding,F1,0.6494469281045752,0.6072459240106299,765,0.042201004093945275,0.017193750855897912,0.06648744360251223,0.9996,True
PropRAG,2Wiki,support_depth=2,DBEC-IG - RankGPT-style sliding,R5_TITLE,0.9444444444444444,0.9137254901960784,765,0.03071895424836601,0.015032679738562092,0.047058823529411764,0.9999,True
PropRAG,2Wiki,support_depth=2,DBEC-nobinding - SetR-faithful,EM,0.47581699346405226,0.5529411764705883,765,-0.07712418300653595,-0.10457516339869281,-0.04967320261437908,0.0,True
PropRAG,2Wiki,support_depth=2,DBEC-nobinding - SetR-faithful,F1,0.5594644444444445,0.6449573991730855,765,-0.08549295472864099,-0.11112067940592449,-0.05948698535705398,0.0,True
PropRAG,2Wiki,support_depth=2,DBEC-nobinding - SetR-faithful,R5_TITLE,0.8679738562091504,0.9150326797385621,765,-0.047058823529411764,-0.06405228758169934,-0.03071895424836601,0.0,True
PropRAG,2Wiki,support_depth>=3,DBEC-IG - DBEC-nobinding,EM,0.9148936170212766,0.7829787234042553,235,0.13191489361702127,0.08085106382978724,0.18723404255319148,1.0,True
PropRAG,2Wiki,support_depth>=3,DBEC-IG - DBEC-nobinding,F1,0.9148970212765958,0.7829787234042553,235,0.1319182978723404,0.08085446808510638,0.18298212765957447,1.0,True
PropRAG,2Wiki,support_depth>=3,DBEC-IG - DBEC-nobinding,R5_TITLE,0.9297872340425531,0.8446808510638298,235,0.0851063829787234,0.06063829787234042,0.10957446808510639,1.0,True
PropRAG,2Wiki,support_depth>=3,DBEC-IG - DBEC,EM,0.9148936170212766,0.9148936170212766,235,0.0,0.0,0.0,0.0,False
PropRAG,2Wiki,support_depth>=3,DBEC-IG - DBEC,F1,0.9148970212765958,0.9148970212765958,235,0.0,0.0,0.0,0.0,False
PropRAG,2Wiki,support_depth>=3,DBEC-IG - DBEC,R5_TITLE,0.9297872340425531,0.9297872340425531,235,0.0,0.0,0.0,0.0,False
PropRAG,2Wiki,support_depth>=3,DBEC-IG - SetR-faithful,EM,0.9148936170212766,0.7659574468085106,235,0.14893617021276595,0.09361702127659574,0.20425531914893616,1.0,True
PropRAG,2Wiki,support_depth>=3,DBEC-IG - SetR-faithful,F1,0.9148970212765958,0.7711583924349882,235,0.14373862884160757,0.08936170212765958,0.20001029787234043,1.0,True
PropRAG,2Wiki,support_depth>=3,DBEC-IG - SetR-faithful,R5_TITLE,0.9297872340425531,0.7829787234042553,235,0.14680851063829786,0.11702127659574468,0.17553191489361702,1.0,True
PropRAG,2Wiki,support_depth>=3,DBEC-IG - SetR-style k20,EM,0.9148936170212766,0.8680851063829788,235,0.04680851063829787,0.00425531914893617,0.09361702127659574,0.9791,True
PropRAG,2Wiki,support_depth>=3,DBEC-IG - SetR-style k20,F1,0.9148970212765958,0.8695035460992908,235,0.045393475177304965,0.0014218439716312064,0.09079043971631208,0.9793,True
PropRAG,2Wiki,support_depth>=3,DBEC-IG - SetR-style k20,R5_TITLE,0.9297872340425531,0.9191489361702128,235,0.010638297872340425,-0.010638297872340425,0.030851063829787233,0.8266,False
PropRAG,2Wiki,support_depth>=3,DBEC-IG - RankGPT-style sliding,EM,0.9148936170212766,0.8553191489361702,235,0.059574468085106386,0.01702127659574468,0.10638297872340426,0.9954,True
PropRAG,2Wiki,support_depth>=3,DBEC-IG - RankGPT-style sliding,F1,0.9148970212765958,0.8567375886524823,235,0.05815943262411347,0.014194609929078016,0.1049645390070922,0.9968,True
PropRAG,2Wiki,support_depth>=3,DBEC-IG - RankGPT-style sliding,R5_TITLE,0.9297872340425531,0.9053191489361702,235,0.02446808510638298,0.0031914893617021275,0.04680851063829787,0.9853,True
PropRAG,2Wiki,support_depth>=3,DBEC-nobinding - SetR-faithful,EM,0.7829787234042553,0.7659574468085106,235,0.01702127659574468,-0.04680851063829787,0.08085106382978724,0.6742,False
PropRAG,2Wiki,support_depth>=3,DBEC-nobinding - SetR-faithful,F1,0.7829787234042553,0.7711583924349882,235,0.011820330969267141,-0.05106382978723404,0.07424349881796674,0.64,False
PropRAG,2Wiki,support_depth>=3,DBEC-nobinding - SetR-faithful,R5_TITLE,0.8446808510638298,0.7829787234042553,235,0.06170212765957447,0.031914893617021274,0.09042553191489362,1.0,True
PropRAG,2Wiki,support_depth>=4,DBEC-IG - DBEC-nobinding,EM,0.9148936170212766,0.7829787234042553,235,0.13191489361702127,0.08085106382978724,0.18723404255319148,1.0,True
PropRAG,2Wiki,support_depth>=4,DBEC-IG - DBEC-nobinding,F1,0.9148970212765958,0.7829787234042553,235,0.1319182978723404,0.08085446808510638,0.18723404255319148,1.0,True
PropRAG,2Wiki,support_depth>=4,DBEC-IG - DBEC-nobinding,R5_TITLE,0.9297872340425531,0.8446808510638298,235,0.0851063829787234,0.06063829787234042,0.10851063829787234,1.0,True
PropRAG,2Wiki,support_depth>=4,DBEC-IG - DBEC,EM,0.9148936170212766,0.9148936170212766,235,0.0,0.0,0.0,0.0,False
PropRAG,2Wiki,support_depth>=4,DBEC-IG - DBEC,F1,0.9148970212765958,0.9148970212765958,235,0.0,0.0,0.0,0.0,False
PropRAG,2Wiki,support_depth>=4,DBEC-IG - DBEC,R5_TITLE,0.9297872340425531,0.9297872340425531,235,0.0,0.0,0.0,0.0,False
PropRAG,2Wiki,support_depth>=4,DBEC-IG - SetR-faithful,EM,0.9148936170212766,0.7659574468085106,235,0.14893617021276595,0.09361702127659574,0.20425531914893616,1.0,True
PropRAG,2Wiki,support_depth>=4,DBEC-IG - SetR-faithful,F1,0.9148970212765958,0.7711583924349882,235,0.14373862884160757,0.08795007092198583,0.20047962174940898,1.0,True
PropRAG,2Wiki,support_depth>=4,DBEC-IG - SetR-faithful,R5_TITLE,0.9297872340425531,0.7829787234042553,235,0.14680851063829786,0.11702127659574468,0.17553191489361702,1.0,True
PropRAG,2Wiki,support_depth>=4,DBEC-IG - SetR-style k20,EM,0.9148936170212766,0.8680851063829788,235,0.04680851063829787,0.0,0.09361702127659574,0.9747,False
PropRAG,2Wiki,support_depth>=4,DBEC-IG - SetR-style k20,F1,0.9148970212765958,0.8695035460992908,235,0.045393475177304965,0.0028368794326241137,0.08936510638297872,0.9807,True
PropRAG,2Wiki,support_depth>=4,DBEC-IG - SetR-style k20,R5_TITLE,0.9297872340425531,0.9191489361702128,235,0.010638297872340425,-0.010638297872340425,0.031914893617021274,0.8214,False
PropRAG,2Wiki,support_depth>=4,DBEC-IG - RankGPT-style sliding,EM,0.9148936170212766,0.8553191489361702,235,0.059574468085106386,0.01276595744680851,0.10638297872340426,0.9936,True
PropRAG,2Wiki,support_depth>=4,DBEC-IG - RankGPT-style sliding,F1,0.9148970212765958,0.8567375886524823,235,0.05815943262411347,0.015602836879432626,0.10213114893617023,0.9951,True
PropRAG,2Wiki,support_depth>=4,DBEC-IG - RankGPT-style sliding,R5_TITLE,0.9297872340425531,0.9053191489361702,235,0.02446808510638298,0.002127659574468085,0.04680851063829787,0.9815,True
PropRAG,2Wiki,support_depth>=4,DBEC-nobinding - SetR-faithful,EM,0.7829787234042553,0.7659574468085106,235,0.01702127659574468,-0.04680851063829787,0.08085106382978724,0.6692,False
PropRAG,2Wiki,support_depth>=4,DBEC-nobinding - SetR-faithful,F1,0.7829787234042553,0.7711583924349882,235,0.011820330969267141,-0.05248226950354609,0.07377068557919605,0.6329,False
PropRAG,2Wiki,support_depth>=4,DBEC-nobinding - SetR-faithful,R5_TITLE,0.8446808510638298,0.7829787234042553,235,0.06170212765957447,0.03297872340425532,0.09148936170212765,1.0,True
PropRAG,2Wiki,gate=bind,DBEC-IG - DBEC-nobinding,EM,0.5974212034383954,0.46275071633237824,698,0.1346704871060172,0.10315186246418338,0.166189111747851,1.0,True
PropRAG,2Wiki,gate=bind,DBEC-IG - DBEC-nobinding,F1,0.6852547277936962,0.5422212034383954,698,0.14303352435530087,0.11380732091690546,0.17289707020057304,1.0,True
PropRAG,2Wiki,gate=bind,DBEC-IG - DBEC-nobinding,R5_TITLE,0.9534383954154728,0.8409742120343839,698,0.11246418338108882,0.09634670487106017,0.12893982808022922,1.0,True
PropRAG,2Wiki,gate=bind,DBEC-IG - DBEC,EM,0.5974212034383954,0.5974212034383954,698,0.0,0.0,0.0,0.0,False
PropRAG,2Wiki,gate=bind,DBEC-IG - DBEC,F1,0.6852547277936962,0.6852547277936962,698,0.0,0.0,0.0,0.0,False
PropRAG,2Wiki,gate=bind,DBEC-IG - DBEC,R5_TITLE,0.9534383954154728,0.9534383954154728,698,0.0,0.0,0.0,0.0,False
PropRAG,2Wiki,gate=bind,DBEC-IG - SetR-faithful,EM,0.5974212034383954,0.5343839541547278,698,0.06303724928366762,0.034383954154727794,0.09312320916905444,1.0,True
PropRAG,2Wiki,gate=bind,DBEC-IG - SetR-faithful,F1,0.6852547277936962,0.6239963912241848,698,0.06125833656951135,0.03419019243888872,0.08876011126767215,1.0,True
PropRAG,2Wiki,gate=bind,DBEC-IG - SetR-faithful,R5_TITLE,0.9534383954154728,0.8660458452722063,698,0.08739255014326648,0.07127507163323782,0.10351002865329513,1.0,True
PropRAG,2Wiki,gate=bind,DBEC-IG - SetR-style k20,EM,0.5974212034383954,0.5616045845272206,698,0.03581661891117478,0.008595988538681949,0.06303724928366762,0.9954,True
PropRAG,2Wiki,gate=bind,DBEC-IG - SetR-style k20,F1,0.6852547277936962,0.6517116320483083,698,0.033543095745388,0.009069920075149299,0.05867543665225255,0.9962,True
PropRAG,2Wiki,gate=bind,DBEC-IG - SetR-style k20,R5_TITLE,0.9534383954154728,0.9387535816618912,698,0.014684813753581662,0.002507163323782235,0.027220630372492838,0.9894,True
PropRAG,2Wiki,gate=bind,DBEC-IG - RankGPT-style sliding,EM,0.5974212034383954,0.5401146131805158,698,0.05730659025787966,0.03008595988538682,0.08452722063037249,1.0,True
PropRAG,2Wiki,gate=bind,DBEC-IG - RankGPT-style sliding,F1,0.6852547277936962,0.6194152751101175,698,0.06583945268357876,0.03902455726023419,0.09264094077444364,1.0,True
PropRAG,2Wiki,gate=bind,DBEC-IG - RankGPT-style sliding,R5_TITLE,0.9534383954154728,0.8968481375358166,698,0.05659025787965616,0.04047277936962751,0.07306590257879657,1.0,True
PropRAG,2Wiki,gate=bind,DBEC-nobinding - SetR-faithful,EM,0.46275071633237824,0.5343839541547278,698,-0.07163323782234957,-0.10458452722063037,-0.03724928366762178,0.0,True
PropRAG,2Wiki,gate=bind,DBEC-nobinding - SetR-faithful,F1,0.5422212034383954,0.6239963912241848,698,-0.0817751877857895,-0.11415558070590665,-0.05036983343304263,0.0,True
PropRAG,2Wiki,gate=bind,DBEC-nobinding - SetR-faithful,R5_TITLE,0.8409742120343839,0.8660458452722063,698,-0.025071633237822348,-0.044412607449856735,-0.0060888252148997134,0.0041,True
PropRAG,2Wiki,gate=abstain,DBEC-IG - DBEC-nobinding,EM,0.7450331125827815,0.7450331125827815,302,0.0,0.0,0.0,0.0,False
PropRAG,2Wiki,gate=abstain,DBEC-IG - DBEC-nobinding,F1,0.773244701986755,0.773244701986755,302,0.0,0.0,0.0,0.0,False
PropRAG,2Wiki,gate=abstain,DBEC-IG - DBEC-nobinding,R5_TITLE,0.9122516556291391,0.9122516556291391,302,0.0,0.0,0.0,0.0,False
PropRAG,2Wiki,gate=abstain,DBEC-IG - DBEC,EM,0.7450331125827815,0.7450331125827815,302,0.0,0.0,0.0,0.0,False
PropRAG,2Wiki,gate=abstain,DBEC-IG - DBEC,F1,0.773244701986755,0.773244701986755,302,0.0,0.0,0.0,0.0,False
PropRAG,2Wiki,gate=abstain,DBEC-IG - DBEC,R5_TITLE,0.9122516556291391,0.9122516556291391,302,0.0,0.0,0.0,0.0,False
PropRAG,2Wiki,gate=abstain,DBEC-IG - SetR-faithful,EM,0.7450331125827815,0.7615894039735099,302,-0.016556291390728478,-0.056291390728476824,0.023178807947019868,0.1849,False
PropRAG,2Wiki,gate=abstain,DBEC-IG - SetR-faithful,F1,0.773244701986755,0.7916064619707004,302,-0.018361759983945413,-0.05521417920931167,0.018012208007224556,0.1645,False
PropRAG,2Wiki,gate=abstain,DBEC-IG - SetR-faithful,R5_TITLE,0.9122516556291391,0.9254966887417219,302,-0.013245033112582781,-0.03559602649006623,0.007471026490065924,0.1084,False
PropRAG,2Wiki,gate=abstain,DBEC-IG - SetR-style k20,EM,0.7450331125827815,0.7682119205298014,302,-0.023178807947019868,-0.059602649006622516,0.009933774834437087,0.07,False
PropRAG,2Wiki,gate=abstain,DBEC-IG - SetR-style k20,F1,0.773244701986755,0.7905211050906414,302,-0.017276403103886548,-0.049931662987490806,0.013950515753562093,0.1441,False
PropRAG,2Wiki,gate=abstain,DBEC-IG - SetR-style k20,R5_TITLE,0.9122516556291391,0.9511589403973509,302,-0.03890728476821192,-0.058774834437086095,-0.02152317880794702,0.0,True
PropRAG,2Wiki,gate=abstain,DBEC-IG - RankGPT-style sliding,EM,0.7450331125827815,0.7450331125827815,302,0.0,-0.03642384105960265,0.03642384105960265,0.4561,False
PropRAG,2Wiki,gate=abstain,DBEC-IG - RankGPT-style sliding,F1,0.773244701986755,0.7732602754125932,302,-1.5573425838326117e-05,-0.03530409308314938,0.036197865946599385,0.4951,False
PropRAG,2Wiki,gate=abstain,DBEC-IG - RankGPT-style sliding,R5_TITLE,0.9122516556291391,0.9461920529801324,302,-0.03394039735099338,-0.057119205298013245,-0.012417218543046357,0.0009,True
PropRAG,2Wiki,gate=abstain,DBEC-nobinding - SetR-faithful,EM,0.7450331125827815,0.7615894039735099,302,-0.016556291390728478,-0.056291390728476824,0.023178807947019868,0.1851,False
PropRAG,2Wiki,gate=abstain,DBEC-nobinding - SetR-faithful,F1,0.773244701986755,0.7916064619707004,302,-0.018361759983945413,-0.05492896949628737,0.01814753863134657,0.1607,False
PropRAG,2Wiki,gate=abstain,DBEC-nobinding - SetR-faithful,R5_TITLE,0.9122516556291391,0.9254966887417219,302,-0.013245033112582781,-0.03559602649006623,0.0074503311258278145,0.1092,False
PropRAG,2Wiki,support_depth=2|gate=bind,DBEC-IG - DBEC-nobinding,EM,0.43870967741935485,0.3032258064516129,465,0.13548387096774195,0.0967741935483871,0.17419354838709677,1.0,True
PropRAG,2Wiki,support_depth=2|gate=bind,DBEC-IG - DBEC-nobinding,F1,0.5705526881720431,0.4225169892473118,465,0.1480356989247312,0.11234517741935483,0.18403091397849458,1.0,True
PropRAG,2Wiki,support_depth=2|gate=bind,DBEC-IG - DBEC-nobinding,R5_TITLE,0.964516129032258,0.8387096774193549,465,0.12580645161290321,0.1043010752688172,0.14731182795698924,1.0,True
PropRAG,2Wiki,support_depth=2|gate=bind,DBEC-IG - DBEC,EM,0.43870967741935485,0.43870967741935485,465,0.0,0.0,0.0,0.0,False
PropRAG,2Wiki,support_depth=2|gate=bind,DBEC-IG - DBEC,F1,0.5705526881720431,0.5705526881720431,465,0.0,0.0,0.0,0.0,False
PropRAG,2Wiki,support_depth=2|gate=bind,DBEC-IG - DBEC,R5_TITLE,0.964516129032258,0.964516129032258,465,0.0,0.0,0.0,0.0,False
PropRAG,2Wiki,support_depth=2|gate=bind,DBEC-IG - SetR-faithful,EM,0.43870967741935485,0.4150537634408602,465,0.023655913978494623,-0.010752688172043012,0.05591397849462366,0.9045,False
PropRAG,2Wiki,support_depth=2|gate=bind,DBEC-IG - SetR-faithful,F1,0.5705526881720431,0.546940341617761,465,0.02361234655428204,-0.006242493501122535,0.05272657180931373,0.9414,False
PropRAG,2Wiki,support_depth=2|gate=bind,DBEC-IG - SetR-faithful,R5_TITLE,0.964516129032258,0.9064516129032258,465,0.05806451612903226,0.03870967741935484,0.07741935483870968,1.0,True
PropRAG,2Wiki,support_depth=2|gate=bind,DBEC-IG - SetR-style k20,EM,0.43870967741935485,0.40860215053763443,465,0.030107526881720432,-0.004301075268817204,0.06451612903225806,0.9551,False
PropRAG,2Wiki,support_depth=2|gate=bind,DBEC-IG - SetR-style k20,F1,0.5705526881720431,0.5431427652395393,465,0.027409922932503578,-0.0022185934131579263,0.05791519025299667,0.9654,False
PropRAG,2Wiki,support_depth=2|gate=bind,DBEC-IG - SetR-style k20,R5_TITLE,0.964516129032258,0.9483870967741935,465,0.016129032258064516,0.001075268817204301,0.03118279569892473,0.9799,True
PropRAG,2Wiki,support_depth=2|gate=bind,DBEC-IG - RankGPT-style sliding,EM,0.43870967741935485,0.38064516129032255,465,0.05806451612903226,0.023655913978494623,0.09247311827956989,0.9991,True
PropRAG,2Wiki,support_depth=2|gate=bind,DBEC-IG - RankGPT-style sliding,F1,0.5705526881720431,0.4989645778355456,465,0.07158811033649742,0.03908845339188887,0.10490298685782556,1.0,True
PropRAG,2Wiki,support_depth=2|gate=bind,DBEC-IG - RankGPT-style sliding,R5_TITLE,0.964516129032258,0.8924731182795699,465,0.07204301075268817,0.05158602150537637,0.0935483870967742,1.0,True
PropRAG,2Wiki,support_depth=2|gate=bind,DBEC-nobinding - SetR-faithful,EM,0.3032258064516129,0.4150537634408602,465,-0.11182795698924732,-0.14838709677419354,-0.07526881720430108,0.0,True
PropRAG,2Wiki,support_depth=2|gate=bind,DBEC-nobinding - SetR-faithful,F1,0.4225169892473118,0.546940341617761,465,-0.12442335237044914,-0.16026414499717725,-0.08897219021360958,0.0,True
PropRAG,2Wiki,support_depth=2|gate=bind,DBEC-nobinding - SetR-faithful,R5_TITLE,0.8387096774193549,0.9064516129032258,465,-0.06774193548387097,-0.0913978494623656,-0.04408602150537634,0.0,True
PropRAG,2Wiki,support_depth=2|gate=abstain,DBEC-IG - DBEC-nobinding,EM,0.7433333333333333,0.7433333333333333,300,0.0,0.0,0.0,0.0,False
PropRAG,2Wiki,support_depth=2|gate=abstain,DBEC-IG - DBEC-nobinding,F1,0.771733,0.771733,300,0.0,0.0,0.0,0.0,False
PropRAG,2Wiki,support_depth=2|gate=abstain,DBEC-IG - DBEC-nobinding,R5_TITLE,0.9133333333333333,0.9133333333333333,300,0.0,0.0,0.0,0.0,False
PropRAG,2Wiki,support_depth=2|gate=abstain,DBEC-IG - DBEC,EM,0.7433333333333333,0.7433333333333333,300,0.0,0.0,0.0,0.0,False
PropRAG,2Wiki,support_depth=2|gate=abstain,DBEC-IG - DBEC,F1,0.771733,0.771733,300,0.0,0.0,0.0,0.0,False
PropRAG,2Wiki,support_depth=2|gate=abstain,DBEC-IG - DBEC,R5_TITLE,0.9133333333333333,0.9133333333333333,300,0.0,0.0,0.0,0.0,False
PropRAG,2Wiki,support_depth=2|gate=abstain,DBEC-IG - SetR-faithful,EM,0.7433333333333333,0.7666666666666667,300,-0.023333333333333334,-0.06333333333333334,0.016666666666666666,0.1012,False
PropRAG,2Wiki,support_depth=2|gate=abstain,DBEC-IG - SetR-faithful,F1,0.771733,0.7968838383838384,300,-0.025150838383838383,-0.06061688207070707,0.009539323989898985,0.0821,False
PropRAG,2Wiki,support_depth=2|gate=abstain,DBEC-IG - SetR-faithful,R5_TITLE,0.9133333333333333,0.9283333333333333,300,-0.015,-0.03666666666666667,0.006666666666666667,0.0718,False
PropRAG,2Wiki,support_depth=2|gate=abstain,DBEC-IG - SetR-style k20,EM,0.7433333333333333,0.7666666666666667,300,-0.023333333333333334,-0.056666666666666664,0.01,0.0781,False
PropRAG,2Wiki,support_depth=2|gate=abstain,DBEC-IG - SetR-style k20,F1,0.771733,0.7891245791245791,300,-0.017391579124579126,-0.050150950589225585,0.014389428282828274,0.1456,False
PropRAG,2Wiki,support_depth=2|gate=abstain,DBEC-IG - SetR-style k20,R5_TITLE,0.9133333333333333,0.9516666666666667,300,-0.03833333333333333,-0.058333333333333334,-0.02,0.0,True
PropRAG,2Wiki,support_depth=2|gate=abstain,DBEC-IG - RankGPT-style sliding,EM,0.7433333333333333,0.7466666666666667,300,-0.0033333333333333335,-0.04,0.03333333333333333,0.4036,False
PropRAG,2Wiki,support_depth=2|gate=abstain,DBEC-IG - RankGPT-style sliding,F1,0.771733,0.7750820105820105,300,-0.0033490105820105824,-0.03860045158730158,0.032803504894179894,0.4312,False
PropRAG,2Wiki,support_depth=2|gate=abstain,DBEC-IG - RankGPT-style sliding,R5_TITLE,0.9133333333333333,0.9466666666666667,300,-0.03333333333333333,-0.056666666666666664,-0.011666666666666667,0.001,True
PropRAG,2Wiki,support_depth=2|gate=abstain,DBEC-nobinding - SetR-faithful,EM,0.7433333333333333,0.7666666666666667,300,-0.023333333333333334,-0.06,0.016666666666666666,0.1008,False
PropRAG,2Wiki,support_depth=2|gate=abstain,DBEC-nobinding - SetR-faithful,F1,0.771733,0.7968838383838384,300,-0.025150838383838383,-0.06058913585858586,0.010340079040404026,0.0825,False
PropRAG,2Wiki,support_depth=2|gate=abstain,DBEC-nobinding - SetR-faithful,R5_TITLE,0.9133333333333333,0.9283333333333333,300,-0.015,-0.03666666666666667,0.005,0.0702,False
PropRAG,2Wiki,support_depth>=3|gate=bind,DBEC-IG - DBEC-nobinding,EM,0.9141630901287554,0.7811158798283262,233,0.13304721030042918,0.0815450643776824,0.1888412017167382,1.0,True
PropRAG,2Wiki,support_depth>=3|gate=bind,DBEC-IG - DBEC-nobinding,F1,0.9141665236051502,0.7811158798283262,233,0.13305064377682402,0.08154849785407725,0.18455622317596565,1.0,True
PropRAG,2Wiki,support_depth>=3|gate=bind,DBEC-IG - DBEC-nobinding,R5_TITLE,0.9313304721030042,0.8454935622317596,233,0.08583690987124463,0.0611587982832618,0.11051502145922747,1.0,True
PropRAG,2Wiki,support_depth>=3|gate=bind,DBEC-IG - DBEC,EM,0.9141630901287554,0.9141630901287554,233,0.0,0.0,0.0,0.0,False
PropRAG,2Wiki,support_depth>=3|gate=bind,DBEC-IG - DBEC,F1,0.9141665236051502,0.9141665236051502,233,0.0,0.0,0.0,0.0,False
PropRAG,2Wiki,support_depth>=3|gate=bind,DBEC-IG - DBEC,R5_TITLE,0.9313304721030042,0.9313304721030042,233,0.0,0.0,0.0,0.0,False
PropRAG,2Wiki,support_depth>=3|gate=bind,DBEC-IG - SetR-faithful,EM,0.9141630901287554,0.7725321888412017,233,0.14163090128755365,0.08583690987124463,0.19742489270386265,1.0,True
PropRAG,2Wiki,support_depth>=3|gate=bind,DBEC-IG - SetR-faithful,F1,0.9141665236051502,0.7777777777777778,233,0.13638874582737243,0.08250567477348593,0.19313304721030042,1.0,True
PropRAG,2Wiki,support_depth>=3|gate=bind,DBEC-IG - SetR-faithful,R5_TITLE,0.9313304721030042,0.7854077253218884,233,0.1459227467811159,0.11692596566523608,0.17489270386266095,1.0,True
PropRAG,2Wiki,support_depth>=3|gate=bind,DBEC-IG - SetR-style k20,EM,0.9141630901287554,0.8669527896995708,233,0.04721030042918455,0.004291845493562232,0.09012875536480687,0.9758,True
PropRAG,2Wiki,support_depth>=3|gate=bind,DBEC-IG - SetR-style k20,F1,0.9141665236051502,0.8683834048640916,233,0.04578311874105865,6.7811158798276925e-06,0.09013218884120171,0.9772,True
PropRAG,2Wiki,support_depth>=3|gate=bind,DBEC-IG - SetR-style k20,R5_TITLE,0.9313304721030042,0.9195278969957081,233,0.011802575107296138,-0.009656652360515022,0.033261802575107295,0.8473,False
PropRAG,2Wiki,support_depth>=3|gate=bind,DBEC-IG - RankGPT-style sliding,EM,0.9141630901287554,0.8583690987124464,233,0.055793991416309016,0.012875536480686695,0.10300429184549356,0.9934,True
PropRAG,2Wiki,support_depth>=3|gate=bind,DBEC-IG - RankGPT-style sliding,F1,0.9141665236051502,0.8597997138769672,233,0.05436680972818311,0.011444921316165953,0.09871244635193133,0.9922,True
PropRAG,2Wiki,support_depth>=3|gate=bind,DBEC-IG - RankGPT-style sliding,R5_TITLE,0.9313304721030042,0.9055793991416309,233,0.02575107296137339,0.003218884120171674,0.048283261802575105,0.9864,True
PropRAG,2Wiki,support_depth>=3|gate=bind,DBEC-nobinding - SetR-faithful,EM,0.7811158798283262,0.7725321888412017,233,0.008583690987124463,-0.05150214592274678,0.07296137339055794,0.5766,False
PropRAG,2Wiki,support_depth>=3|gate=bind,DBEC-nobinding - SetR-faithful,F1,0.7811158798283262,0.7777777777777778,233,0.003338102050548404,-0.060085836909871244,0.06485455412494039,0.537,False
PropRAG,2Wiki,support_depth>=3|gate=bind,DBEC-nobinding - SetR-faithful,R5_TITLE,0.8454935622317596,0.7854077253218884,233,0.060085836909871244,0.03111587982832618,0.0890557939914163,0.9999,True
PropRAG,2Wiki,support_depth>=3|gate=abstain,DBEC-IG - DBEC-nobinding,EM,1.0,1.0,2,0.0,0.0,0.0,0.0,False
PropRAG,2Wiki,support_depth>=3|gate=abstain,DBEC-IG - DBEC-nobinding,F1,1.0,1.0,2,0.0,0.0,0.0,0.0,False
PropRAG,2Wiki,support_depth>=3|gate=abstain,DBEC-IG - DBEC-nobinding,R5_TITLE,0.75,0.75,2,0.0,0.0,0.0,0.0,False
PropRAG,2Wiki,support_depth>=3|gate=abstain,DBEC-IG - DBEC,EM,1.0,1.0,2,0.0,0.0,0.0,0.0,False
PropRAG,2Wiki,support_depth>=3|gate=abstain,DBEC-IG - DBEC,F1,1.0,1.0,2,0.0,0.0,0.0,0.0,False
PropRAG,2Wiki,support_depth>=3|gate=abstain,DBEC-IG - DBEC,R5_TITLE,0.75,0.75,2,0.0,0.0,0.0,0.0,False
PropRAG,2Wiki,support_depth>=3|gate=abstain,DBEC-IG - SetR-faithful,EM,1.0,0.0,2,1.0,1.0,1.0,1.0,True
PropRAG,2Wiki,support_depth>=3|gate=abstain,DBEC-IG - SetR-faithful,F1,1.0,0.0,2,1.0,1.0,1.0,1.0,True
PropRAG,2Wiki,support_depth>=3|gate=abstain,DBEC-IG - SetR-faithful,R5_TITLE,0.75,0.5,2,0.25,0.25,0.25,1.0,True
PropRAG,2Wiki,support_depth>=3|gate=abstain,DBEC-IG - SetR-style k20,EM,1.0,1.0,2,0.0,0.0,0.0,0.0,False
PropRAG,2Wiki,support_depth>=3|gate=abstain,DBEC-IG - SetR-style k20,F1,1.0,1.0,2,0.0,0.0,0.0,0.0,False
PropRAG,2Wiki,support_depth>=3|gate=abstain,DBEC-IG - SetR-style k20,R5_TITLE,0.75,0.875,2,-0.125,-0.25,0.0,0.0,False
PropRAG,2Wiki,support_depth>=3|gate=abstain,DBEC-IG - RankGPT-style sliding,EM,1.0,0.5,2,0.5,0.0,1.0,0.7496,False
PropRAG,2Wiki,support_depth>=3|gate=abstain,DBEC-IG - RankGPT-style sliding,F1,1.0,0.5,2,0.5,0.0,1.0,0.7535,False
PropRAG,2Wiki,support_depth>=3|gate=abstain,DBEC-IG - RankGPT-style sliding,R5_TITLE,0.75,0.875,2,-0.125,-0.25,0.0,0.0,False
PropRAG,2Wiki,support_depth>=3|gate=abstain,DBEC-nobinding - SetR-faithful,EM,1.0,0.0,2,1.0,1.0,1.0,1.0,True
PropRAG,2Wiki,support_depth>=3|gate=abstain,DBEC-nobinding - SetR-faithful,F1,1.0,0.0,2,1.0,1.0,1.0,1.0,True
PropRAG,2Wiki,support_depth>=3|gate=abstain,DBEC-nobinding - SetR-faithful,R5_TITLE,0.75,0.5,2,0.25,0.25,0.25,1.0,True
PropRAG,2Wiki,support_depth>=4|gate=bind,DBEC-IG - DBEC-nobinding,EM,0.9141630901287554,0.7811158798283262,233,0.13304721030042918,0.0815450643776824,0.1888412017167382,1.0,True
PropRAG,2Wiki,support_depth>=4|gate=bind,DBEC-IG - DBEC-nobinding,F1,0.9141665236051502,0.7811158798283262,233,0.13305064377682402,0.08154849785407725,0.18467004291845338,1.0,True
PropRAG,2Wiki,support_depth>=4|gate=bind,DBEC-IG - DBEC-nobinding,R5_TITLE,0.9313304721030042,0.8454935622317596,233,0.08583690987124463,0.0611587982832618,0.11051502145922747,1.0,True
PropRAG,2Wiki,support_depth>=4|gate=bind,DBEC-IG - DBEC,EM,0.9141630901287554,0.9141630901287554,233,0.0,0.0,0.0,0.0,False
PropRAG,2Wiki,support_depth>=4|gate=bind,DBEC-IG - DBEC,F1,0.9141665236051502,0.9141665236051502,233,0.0,0.0,0.0,0.0,False
PropRAG,2Wiki,support_depth>=4|gate=bind,DBEC-IG - DBEC,R5_TITLE,0.9313304721030042,0.9313304721030042,233,0.0,0.0,0.0,0.0,False
PropRAG,2Wiki,support_depth>=4|gate=bind,DBEC-IG - SetR-faithful,EM,0.9141630901287554,0.7725321888412017,233,0.14163090128755365,0.08583690987124463,0.19742489270386265,1.0,True
PropRAG,2Wiki,support_depth>=4|gate=bind,DBEC-IG - SetR-faithful,F1,0.9141665236051502,0.7777777777777778,233,0.13638874582737243,0.08154849785407725,0.19266304244158322,1.0,True
PropRAG,2Wiki,support_depth>=4|gate=bind,DBEC-IG - SetR-faithful,R5_TITLE,0.9313304721030042,0.7854077253218884,233,0.1459227467811159,0.11587982832618025,0.17489270386266095,1.0,True
PropRAG,2Wiki,support_depth>=4|gate=bind,DBEC-IG - SetR-style k20,EM,0.9141630901287554,0.8669527896995708,233,0.04721030042918455,0.004291845493562232,0.09012875536480687,0.9767,True
PropRAG,2Wiki,support_depth>=4|gate=bind,DBEC-IG - SetR-style k20,F1,0.9141665236051502,0.8683834048640916,233,0.04578311874105865,0.0028612303290414883,0.0915594563662375,0.9796,True
PropRAG,2Wiki,support_depth>=4|gate=bind,DBEC-IG - SetR-style k20,R5_TITLE,0.9313304721030042,0.9195278969957081,233,0.011802575107296138,-0.009656652360515022,0.032188841201716736,0.8519,False
PropRAG,2Wiki,support_depth>=4|gate=bind,DBEC-IG - RankGPT-style sliding,EM,0.9141630901287554,0.8583690987124464,233,0.055793991416309016,0.012768240343347738,0.09871244635193133,0.99,True
PropRAG,2Wiki,support_depth>=4|gate=bind,DBEC-IG - RankGPT-style sliding,F1,0.9141665236051502,0.8597997138769672,233,0.05436680972818311,0.011451788268955652,0.09871931330472103,0.9945,True
PropRAG,2Wiki,support_depth>=4|gate=bind,DBEC-IG - RankGPT-style sliding,R5_TITLE,0.9313304721030042,0.9055793991416309,233,0.02575107296137339,0.004291845493562232,0.048283261802575105,0.9885,True
PropRAG,2Wiki,support_depth>=4|gate=bind,DBEC-nobinding - SetR-faithful,EM,0.7811158798283262,0.7725321888412017,233,0.008583690987124463,-0.055793991416309016,0.07296137339055794,0.5897,False
PropRAG,2Wiki,support_depth>=4|gate=bind,DBEC-nobinding - SetR-faithful,F1,0.7811158798283262,0.7777777777777778,233,0.003338102050548404,-0.05722460658082975,0.06485455412494039,0.5341,False
PropRAG,2Wiki,support_depth>=4|gate=bind,DBEC-nobinding - SetR-faithful,R5_TITLE,0.8454935622317596,0.7854077253218884,233,0.060085836909871244,0.03111587982832618,0.0890557939914163,1.0,True
PropRAG,2Wiki,support_depth>=4|gate=abstain,DBEC-IG - DBEC-nobinding,EM,1.0,1.0,2,0.0,0.0,0.0,0.0,False
PropRAG,2Wiki,support_depth>=4|gate=abstain,DBEC-IG - DBEC-nobinding,F1,1.0,1.0,2,0.0,0.0,0.0,0.0,False
PropRAG,2Wiki,support_depth>=4|gate=abstain,DBEC-IG - DBEC-nobinding,R5_TITLE,0.75,0.75,2,0.0,0.0,0.0,0.0,False
PropRAG,2Wiki,support_depth>=4|gate=abstain,DBEC-IG - DBEC,EM,1.0,1.0,2,0.0,0.0,0.0,0.0,False
PropRAG,2Wiki,support_depth>=4|gate=abstain,DBEC-IG - DBEC,F1,1.0,1.0,2,0.0,0.0,0.0,0.0,False
PropRAG,2Wiki,support_depth>=4|gate=abstain,DBEC-IG - DBEC,R5_TITLE,0.75,0.75,2,0.0,0.0,0.0,0.0,False
PropRAG,2Wiki,support_depth>=4|gate=abstain,DBEC-IG - SetR-faithful,EM,1.0,0.0,2,1.0,1.0,1.0,1.0,True
PropRAG,2Wiki,support_depth>=4|gate=abstain,DBEC-IG - SetR-faithful,F1,1.0,0.0,2,1.0,1.0,1.0,1.0,True
PropRAG,2Wiki,support_depth>=4|gate=abstain,DBEC-IG - SetR-faithful,R5_TITLE,0.75,0.5,2,0.25,0.25,0.25,1.0,True
PropRAG,2Wiki,support_depth>=4|gate=abstain,DBEC-IG - SetR-style k20,EM,1.0,1.0,2,0.0,0.0,0.0,0.0,False
PropRAG,2Wiki,support_depth>=4|gate=abstain,DBEC-IG - SetR-style k20,F1,1.0,1.0,2,0.0,0.0,0.0,0.0,False
PropRAG,2Wiki,support_depth>=4|gate=abstain,DBEC-IG - SetR-style k20,R5_TITLE,0.75,0.875,2,-0.125,-0.25,0.0,0.0,False
PropRAG,2Wiki,support_depth>=4|gate=abstain,DBEC-IG - RankGPT-style sliding,EM,1.0,0.5,2,0.5,0.0,1.0,0.7483,False
PropRAG,2Wiki,support_depth>=4|gate=abstain,DBEC-IG - RankGPT-style sliding,F1,1.0,0.5,2,0.5,0.0,1.0,0.7469,False
PropRAG,2Wiki,support_depth>=4|gate=abstain,DBEC-IG - RankGPT-style sliding,R5_TITLE,0.75,0.875,2,-0.125,-0.25,0.0,0.0,False
PropRAG,2Wiki,support_depth>=4|gate=abstain,DBEC-nobinding - SetR-faithful,EM,1.0,0.0,2,1.0,1.0,1.0,1.0,True
PropRAG,2Wiki,support_depth>=4|gate=abstain,DBEC-nobinding - SetR-faithful,F1,1.0,0.0,2,1.0,1.0,1.0,1.0,True
PropRAG,2Wiki,support_depth>=4|gate=abstain,DBEC-nobinding - SetR-faithful,R5_TITLE,0.75,0.5,2,0.25,0.25,0.25,1.0,True
PropRAG,HotpotQA,all,DBEC-IG - DBEC-nobinding,EM,0.62,0.616,1000,0.004,-0.01,0.018,0.6911,False
PropRAG,HotpotQA,all,DBEC-IG - DBEC-nobinding,F1,0.7473044,0.7387376,1000,0.008566800000000001,-0.0044757875,0.021257289999999998,0.9057,False
PropRAG,HotpotQA,all,DBEC-IG - DBEC-nobinding,R5_TITLE,0.9625,0.956,1000,0.0065,0.0005,0.013,0.9755,True
PropRAG,HotpotQA,all,DBEC-IG - DBEC,EM,0.62,0.62,1000,0.0,0.0,0.0,0.0,False
PropRAG,HotpotQA,all,DBEC-IG - DBEC,F1,0.7473044,0.7473044,1000,0.0,0.0,0.0,0.0,False
PropRAG,HotpotQA,all,DBEC-IG - DBEC,R5_TITLE,0.9625,0.9625,1000,0.0,0.0,0.0,0.0,False
PropRAG,HotpotQA,all,DBEC-IG - SetR-faithful,EM,0.62,0.625,1000,-0.005,-0.025,0.015,0.289,False
PropRAG,HotpotQA,all,DBEC-IG - SetR-faithful,F1,0.7473044,0.7434934946890055,1000,0.003810905310994474,-0.01477760382988099,0.022946800322390024,0.6539,False
PropRAG,HotpotQA,all,DBEC-IG - SetR-faithful,R5_TITLE,0.9625,0.9245,1000,0.038,0.0255,0.051,1.0,True
PropRAG,HotpotQA,all,DBEC-IG - SetR-style k20,EM,0.62,0.629,1000,-0.009,-0.025,0.007,0.1185,False
PropRAG,HotpotQA,all,DBEC-IG - SetR-style k20,F1,0.7473044,0.7551750575705685,1000,-0.007870657570568408,-0.022369228100576753,0.006594202119724097,0.1387,False
PropRAG,HotpotQA,all,DBEC-IG - SetR-style k20,R5_TITLE,0.9625,0.9735,1000,-0.011,-0.02,-0.002,0.0063,True
PropRAG,HotpotQA,all,DBEC-IG - RankGPT-style sliding,EM,0.62,0.566,1000,0.054,0.032,0.076,1.0,True
PropRAG,HotpotQA,all,DBEC-IG - RankGPT-style sliding,F1,0.7473044,0.6844810404765513,1000,0.0628233595234487,0.04237475411204465,0.08456614826299258,1.0,True
PropRAG,HotpotQA,all,DBEC-IG - RankGPT-style sliding,R5_TITLE,0.9625,0.8805,1000,0.082,0.0675,0.097,1.0,True
PropRAG,HotpotQA,all,DBEC-nobinding - SetR-faithful,EM,0.616,0.625,1000,-0.009,-0.028,0.009,0.1627,False
PropRAG,HotpotQA,all,DBEC-nobinding - SetR-faithful,F1,0.7387376,0.7434934946890055,1000,-0.004755894689005526,-0.022096595291456907,0.01263805890472101,0.3009,False
PropRAG,HotpotQA,all,DBEC-nobinding - SetR-faithful,R5_TITLE,0.956,0.9245,1000,0.0315,0.019,0.044,1.0,True
PropRAG,HotpotQA,support_depth=2,DBEC-IG - DBEC-nobinding,EM,0.62,0.616,1000,0.004,-0.01,0.018,0.694,False
PropRAG,HotpotQA,support_depth=2,DBEC-IG - DBEC-nobinding,F1,0.7473044,0.7387376,1000,0.008566800000000001,-0.003994174999999999,0.02152361,0.9074,False
PropRAG,HotpotQA,support_depth=2,DBEC-IG - DBEC-nobinding,R5_TITLE,0.9625,0.956,1000,0.0065,0.0,0.013,0.9747,False
PropRAG,HotpotQA,support_depth=2,DBEC-IG - DBEC,EM,0.62,0.62,1000,0.0,0.0,0.0,0.0,False
PropRAG,HotpotQA,support_depth=2,DBEC-IG - DBEC,F1,0.7473044,0.7473044,1000,0.0,0.0,0.0,0.0,False
PropRAG,HotpotQA,support_depth=2,DBEC-IG - DBEC,R5_TITLE,0.9625,0.9625,1000,0.0,0.0,0.0,0.0,False
PropRAG,HotpotQA,support_depth=2,DBEC-IG - SetR-faithful,EM,0.62,0.625,1000,-0.005,-0.025,0.015,0.2898,False
PropRAG,HotpotQA,support_depth=2,DBEC-IG - SetR-faithful,F1,0.7473044,0.7434934946890055,1000,0.003810905310994474,-0.015002594265768636,0.022438950485362593,0.65,False
PropRAG,HotpotQA,support_depth=2,DBEC-IG - SetR-faithful,R5_TITLE,0.9625,0.9245,1000,0.038,0.0255,0.051,1.0,True
PropRAG,HotpotQA,support_depth=2,DBEC-IG - SetR-style k20,EM,0.62,0.629,1000,-0.009,-0.025,0.007,0.1181,False
PropRAG,HotpotQA,support_depth=2,DBEC-IG - SetR-style k20,F1,0.7473044,0.7551750575705685,1000,-0.007870657570568408,-0.022098292691671073,0.006269523713801675,0.1501,False
PropRAG,HotpotQA,support_depth=2,DBEC-IG - SetR-style k20,R5_TITLE,0.9625,0.9735,1000,-0.011,-0.02,-0.002,0.0063,True
PropRAG,HotpotQA,support_depth=2,DBEC-IG - RankGPT-style sliding,EM,0.62,0.566,1000,0.054,0.032,0.076,1.0,True
PropRAG,HotpotQA,support_depth=2,DBEC-IG - RankGPT-style sliding,F1,0.7473044,0.6844810404765513,1000,0.0628233595234487,0.04199560685223187,0.08379757273646117,1.0,True
PropRAG,HotpotQA,support_depth=2,DBEC-IG - RankGPT-style sliding,R5_TITLE,0.9625,0.8805,1000,0.082,0.067,0.0975,1.0,True
PropRAG,HotpotQA,support_depth=2,DBEC-nobinding - SetR-faithful,EM,0.616,0.625,1000,-0.009,-0.028,0.009,0.1579,False
PropRAG,HotpotQA,support_depth=2,DBEC-nobinding - SetR-faithful,F1,0.7387376,0.7434934946890055,1000,-0.004755894689005526,-0.022265946933068655,0.012401394618582313,0.2985,False
PropRAG,HotpotQA,support_depth=2,DBEC-nobinding - SetR-faithful,R5_TITLE,0.956,0.9245,1000,0.0315,0.019,0.044,1.0,True
PropRAG,HotpotQA,gate=bind,DBEC-IG - DBEC-nobinding,EM,0.6301369863013698,0.624048706240487,657,0.0060882800608828,-0.015220700152207,0.0273972602739726,0.6928,False
PropRAG,HotpotQA,gate=bind,DBEC-IG - DBEC-nobinding,F1,0.7630152207001523,0.7499759512937595,657,0.013039269406392695,-0.006472294520547946,0.032037267884322665,0.9089,False
PropRAG,HotpotQA,gate=bind,DBEC-IG - DBEC-nobinding,R5_TITLE,0.9604261796042618,0.9505327245053272,657,0.00989345509893455,0.0,0.0197869101978691,0.9743,False
PropRAG,HotpotQA,gate=bind,DBEC-IG - DBEC,EM,0.6301369863013698,0.6301369863013698,657,0.0,0.0,0.0,0.0,False
PropRAG,HotpotQA,gate=bind,DBEC-IG - DBEC,F1,0.7630152207001523,0.7630152207001523,657,0.0,0.0,0.0,0.0,False
PropRAG,HotpotQA,gate=bind,DBEC-IG - DBEC,R5_TITLE,0.9604261796042618,0.9604261796042618,657,0.0,0.0,0.0,0.0,False
PropRAG,HotpotQA,gate=bind,DBEC-IG - SetR-faithful,EM,0.6301369863013698,0.6407914764079148,657,-0.0106544901065449,-0.0350076103500761,0.0136986301369863,0.1787,False
PropRAG,HotpotQA,gate=bind,DBEC-IG - SetR-faithful,F1,0.7630152207001523,0.758950998663596,657,0.0040642220365561775,-0.018061778341782374,0.02620674911284634,0.6461,False
PropRAG,HotpotQA,gate=bind,DBEC-IG - SetR-faithful,R5_TITLE,0.9604261796042618,0.9307458143074582,657,0.02968036529680365,0.0136986301369863,0.045662100456621,0.9996,True
PropRAG,HotpotQA,gate=bind,DBEC-IG - SetR-style k20,EM,0.6301369863013698,0.6407914764079148,657,-0.0106544901065449,-0.0319634703196347,0.0091324200913242,0.1331,False
PropRAG,HotpotQA,gate=bind,DBEC-IG - SetR-style k20,F1,0.7630152207001523,0.7647430418985616,657,-0.001727821198409435,-0.020519682087169998,0.01645613640353836,0.4297,False
PropRAG,HotpotQA,gate=bind,DBEC-IG - SetR-style k20,R5_TITLE,0.9604261796042618,0.974124809741248,657,-0.0136986301369863,-0.0258751902587519,-0.00228310502283105,0.0089,True
PropRAG,HotpotQA,gate=bind,DBEC-IG - RankGPT-style sliding,EM,0.6301369863013698,0.5601217656012176,657,0.0700152207001522,0.0410958904109589,0.0989345509893455,1.0,True
PropRAG,HotpotQA,gate=bind,DBEC-IG - RankGPT-style sliding,F1,0.7630152207001523,0.6815471408944415,657,0.08146807980571075,0.05438548392957606,0.11001339284426041,1.0,True
PropRAG,HotpotQA,gate=bind,DBEC-IG - RankGPT-style sliding,R5_TITLE,0.9604261796042618,0.8698630136986302,657,0.09056316590563165,0.07077625570776255,0.11035007610350075,1.0,True
PropRAG,HotpotQA,gate=bind,DBEC-nobinding - SetR-faithful,EM,0.624048706240487,0.6407914764079148,657,-0.0167427701674277,-0.0395738203957382,0.0045662100456621,0.0587,False
PropRAG,HotpotQA,gate=bind,DBEC-nobinding - SetR-faithful,F1,0.7499759512937595,0.758950998663596,657,-0.008975047369836519,-0.02907690726069923,0.01062087152039273,0.1921,False
PropRAG,HotpotQA,gate=bind,DBEC-nobinding - SetR-faithful,R5_TITLE,0.9505327245053272,0.9307458143074582,657,0.0197869101978691,0.005308219178082209,0.0350076103500761,0.9951,True
PropRAG,HotpotQA,gate=abstain,DBEC-IG - DBEC-nobinding,EM,0.6005830903790087,0.6005830903790087,343,0.0,0.0,0.0,0.0,False
PropRAG,HotpotQA,gate=abstain,DBEC-IG - DBEC-nobinding,F1,0.7172110787172011,0.7172110787172011,343,0.0,0.0,0.0,0.0,False
PropRAG,HotpotQA,gate=abstain,DBEC-IG - DBEC-nobinding,R5_TITLE,0.9664723032069971,0.9664723032069971,343,0.0,0.0,0.0,0.0,False
PropRAG,HotpotQA,gate=abstain,DBEC-IG - DBEC,EM,0.6005830903790087,0.6005830903790087,343,0.0,0.0,0.0,0.0,False
PropRAG,HotpotQA,gate=abstain,DBEC-IG - DBEC,F1,0.7172110787172011,0.7172110787172011,343,0.0,0.0,0.0,0.0,False
PropRAG,HotpotQA,gate=abstain,DBEC-IG - DBEC,R5_TITLE,0.9664723032069971,0.9664723032069971,343,0.0,0.0,0.0,0.0,False
PropRAG,HotpotQA,gate=abstain,DBEC-IG - SetR-faithful,EM,0.6005830903790087,0.5947521865889213,343,0.0058309037900874635,-0.029154518950437316,0.04081632653061224,0.5932,False
PropRAG,HotpotQA,gate=abstain,DBEC-IG - SetR-faithful,F1,0.7172110787172011,0.7138853894082301,343,0.003325689308971041,-0.02957104235819501,0.036437443252111235,0.5823,False
PropRAG,HotpotQA,gate=abstain,DBEC-IG - SetR-faithful,R5_TITLE,0.9664723032069971,0.9125364431486881,343,0.05393586005830904,0.033527696793002916,0.07580174927113703,1.0,True
PropRAG,HotpotQA,gate=abstain,DBEC-IG - SetR-style k20,EM,0.6005830903790087,0.6064139941690962,343,-0.0058309037900874635,-0.03206997084548105,0.02040816326530612,0.2837,False
PropRAG,HotpotQA,gate=abstain,DBEC-IG - SetR-style k20,F1,0.7172110787172011,0.7368480438577649,343,-0.019636965140563876,-0.04314906892441577,0.0033189318545502225,0.0449,False
PropRAG,HotpotQA,gate=abstain,DBEC-IG - SetR-style k20,R5_TITLE,0.9664723032069971,0.9723032069970845,343,-0.0058309037900874635,-0.018950437317784258,0.0058309037900874635,0.153,False
PropRAG,HotpotQA,gate=abstain,DBEC-IG - RankGPT-style sliding,EM,0.6005830903790087,0.577259475218659,343,0.023323615160349854,-0.0058309037900874635,0.052478134110787174,0.9283,False
PropRAG,HotpotQA,gate=abstain,DBEC-IG - RankGPT-style sliding,F1,0.7172110787172011,0.6901007839909716,343,0.027110294726229518,-0.001954038173906414,0.05636354879213669,0.9671,False
PropRAG,HotpotQA,gate=abstain,DBEC-IG - RankGPT-style sliding,R5_TITLE,0.9664723032069971,0.9008746355685131,343,0.06559766763848396,0.04518950437317784,0.08746355685131195,1.0,True
PropRAG,HotpotQA,gate=abstain,DBEC-nobinding - SetR-faithful,EM,0.6005830903790087,0.5947521865889213,343,0.0058309037900874635,-0.029154518950437316,0.04081632653061224,0.6006,False
PropRAG,HotpotQA,gate=abstain,DBEC-nobinding - SetR-faithful,F1,0.7172110787172011,0.7138853894082301,343,0.003325689308971041,-0.02920240404735276,0.035152943239757255,0.5747,False
PropRAG,HotpotQA,gate=abstain,DBEC-nobinding - SetR-faithful,R5_TITLE,0.9664723032069971,0.9125364431486881,343,0.05393586005830904,0.033527696793002916,0.07580174927113703,1.0,True
PropRAG,HotpotQA,support_depth=2|gate=bind,DBEC-IG - DBEC-nobinding,EM,0.6301369863013698,0.624048706240487,657,0.0060882800608828,-0.015220700152207,0.0273972602739726,0.6906,False
PropRAG,HotpotQA,support_depth=2|gate=bind,DBEC-IG - DBEC-nobinding,F1,0.7630152207001523,0.7499759512937595,657,0.013039269406392695,-0.005969406392694063,0.03241750380517504,0.9086,False
PropRAG,HotpotQA,support_depth=2|gate=bind,DBEC-IG - DBEC-nobinding,R5_TITLE,0.9604261796042618,0.9505327245053272,657,0.00989345509893455,0.0,0.0197869101978691,0.9747,False
PropRAG,HotpotQA,support_depth=2|gate=bind,DBEC-IG - DBEC,EM,0.6301369863013698,0.6301369863013698,657,0.0,0.0,0.0,0.0,False
PropRAG,HotpotQA,support_depth=2|gate=bind,DBEC-IG - DBEC,F1,0.7630152207001523,0.7630152207001523,657,0.0,0.0,0.0,0.0,False
PropRAG,HotpotQA,support_depth=2|gate=bind,DBEC-IG - DBEC,R5_TITLE,0.9604261796042618,0.9604261796042618,657,0.0,0.0,0.0,0.0,False
PropRAG,HotpotQA,support_depth=2|gate=bind,DBEC-IG - SetR-faithful,EM,0.6301369863013698,0.6407914764079148,657,-0.0106544901065449,-0.0350076103500761,0.0136986301369863,0.1837,False
PropRAG,HotpotQA,support_depth=2|gate=bind,DBEC-IG - SetR-faithful,F1,0.7630152207001523,0.758950998663596,657,0.0040642220365561775,-0.018596600364225266,0.026443190317730333,0.644,False
PropRAG,HotpotQA,support_depth=2|gate=bind,DBEC-IG - SetR-faithful,R5_TITLE,0.9604261796042618,0.9307458143074582,657,0.02968036529680365,0.0136986301369863,0.045662100456621,0.9999,True
PropRAG,HotpotQA,support_depth=2|gate=bind,DBEC-IG - SetR-style k20,EM,0.6301369863013698,0.6407914764079148,657,-0.0106544901065449,-0.030441400304414,0.0091324200913242,0.138,False
PropRAG,HotpotQA,support_depth=2|gate=bind,DBEC-IG - SetR-style k20,F1,0.7630152207001523,0.7647430418985616,657,-0.001727821198409435,-0.019945107817168656,0.016842408399565932,0.4209,False
PropRAG,HotpotQA,support_depth=2|gate=bind,DBEC-IG - SetR-style k20,R5_TITLE,0.9604261796042618,0.974124809741248,657,-0.0136986301369863,-0.0258751902587519,-0.00228310502283105,0.009,True
PropRAG,HotpotQA,support_depth=2|gate=bind,DBEC-IG - RankGPT-style sliding,EM,0.6301369863013698,0.5601217656012176,657,0.0700152207001522,0.0410958904109589,0.0989345509893455,1.0,True
PropRAG,HotpotQA,support_depth=2|gate=bind,DBEC-IG - RankGPT-style sliding,F1,0.7630152207001523,0.6815471408944415,657,0.08146807980571075,0.05432854809882073,0.10945823381920952,1.0,True
PropRAG,HotpotQA,support_depth=2|gate=bind,DBEC-IG - RankGPT-style sliding,R5_TITLE,0.9604261796042618,0.8698630136986302,657,0.09056316590563165,0.07077625570776255,0.11035007610350075,1.0,True
PropRAG,HotpotQA,support_depth=2|gate=bind,DBEC-nobinding - SetR-faithful,EM,0.624048706240487,0.6407914764079148,657,-0.0167427701674277,-0.0380517503805175,0.0045662100456621,0.0617,False
PropRAG,HotpotQA,support_depth=2|gate=bind,DBEC-nobinding - SetR-faithful,F1,0.7499759512937595,0.758950998663596,657,-0.008975047369836519,-0.028413409637164003,0.01041072220643533,0.1827,False
PropRAG,HotpotQA,support_depth=2|gate=bind,DBEC-nobinding - SetR-faithful,R5_TITLE,0.9505327245053272,0.9307458143074582,657,0.0197869101978691,0.00532724505327245,0.03576864535768645,0.9935,True
PropRAG,HotpotQA,support_depth=2|gate=abstain,DBEC-IG - DBEC-nobinding,EM,0.6005830903790087,0.6005830903790087,343,0.0,0.0,0.0,0.0,False
PropRAG,HotpotQA,support_depth=2|gate=abstain,DBEC-IG - DBEC-nobinding,F1,0.7172110787172011,0.7172110787172011,343,0.0,0.0,0.0,0.0,False
PropRAG,HotpotQA,support_depth=2|gate=abstain,DBEC-IG - DBEC-nobinding,R5_TITLE,0.9664723032069971,0.9664723032069971,343,0.0,0.0,0.0,0.0,False
PropRAG,HotpotQA,support_depth=2|gate=abstain,DBEC-IG - DBEC,EM,0.6005830903790087,0.6005830903790087,343,0.0,0.0,0.0,0.0,False
PropRAG,HotpotQA,support_depth=2|gate=abstain,DBEC-IG - DBEC,F1,0.7172110787172011,0.7172110787172011,343,0.0,0.0,0.0,0.0,False
PropRAG,HotpotQA,support_depth=2|gate=abstain,DBEC-IG - DBEC,R5_TITLE,0.9664723032069971,0.9664723032069971,343,0.0,0.0,0.0,0.0,False
PropRAG,HotpotQA,support_depth=2|gate=abstain,DBEC-IG - SetR-faithful,EM,0.6005830903790087,0.5947521865889213,343,0.0058309037900874635,-0.029154518950437316,0.04081632653061224,0.5952,False
PropRAG,HotpotQA,support_depth=2|gate=abstain,DBEC-IG - SetR-faithful,F1,0.7172110787172011,0.7138853894082301,343,0.003325689308971041,-0.028903774268294602,0.03636652801598456,0.575,False
PropRAG,HotpotQA,support_depth=2|gate=abstain,DBEC-IG - SetR-faithful,R5_TITLE,0.9664723032069971,0.9125364431486881,343,0.05393586005830904,0.03206997084548105,0.07580174927113703,1.0,True
PropRAG,HotpotQA,support_depth=2|gate=abstain,DBEC-IG - SetR-style k20,EM,0.6005830903790087,0.6064139941690962,343,-0.0058309037900874635,-0.03206997084548105,0.02040816326530612,0.2846,False
PropRAG,HotpotQA,support_depth=2|gate=abstain,DBEC-IG - SetR-style k20,F1,0.7172110787172011,0.7368480438577649,343,-0.019636965140563876,-0.04320468266675672,0.0028324518892757574,0.044,False
PropRAG,HotpotQA,support_depth=2|gate=abstain,DBEC-IG - SetR-style k20,R5_TITLE,0.9664723032069971,0.9723032069970845,343,-0.0058309037900874635,-0.018950437317784258,0.007288629737609329,0.1517,False
PropRAG,HotpotQA,support_depth=2|gate=abstain,DBEC-IG - RankGPT-style sliding,EM,0.6005830903790087,0.577259475218659,343,0.023323615160349854,-0.0058309037900874635,0.052478134110787174,0.9246,False
PropRAG,HotpotQA,support_depth=2|gate=abstain,DBEC-IG - RankGPT-style sliding,F1,0.7172110787172011,0.6901007839909716,343,0.027110294726229518,-0.0017742311325467598,0.05659758517683021,0.9675,False
PropRAG,HotpotQA,support_depth=2|gate=abstain,DBEC-IG - RankGPT-style sliding,R5_TITLE,0.9664723032069971,0.9008746355685131,343,0.06559766763848396,0.04518950437317784,0.08746355685131195,1.0,True
PropRAG,HotpotQA,support_depth=2|gate=abstain,DBEC-nobinding - SetR-faithful,EM,0.6005830903790087,0.5947521865889213,343,0.0058309037900874635,-0.029154518950437316,0.04081632653061224,0.5991,False
PropRAG,HotpotQA,support_depth=2|gate=abstain,DBEC-nobinding - SetR-faithful,F1,0.7172110787172011,0.7138853894082301,343,0.003325689308971041,-0.02957102398478314,0.03620087236168631,0.5918,False
PropRAG,HotpotQA,support_depth=2|gate=abstain,DBEC-nobinding - SetR-faithful,R5_TITLE,0.9664723032069971,0.9125364431486881,343,0.05393586005830904,0.033527696793002916,0.07580174927113703,1.0,True
PropRAG,MuSiQue,all,DBEC-IG - DBEC-nobinding,EM,0.353,0.343,1000,0.01,-0.006,0.026,0.8746,False
PropRAG,MuSiQue,all,DBEC-IG - DBEC-nobinding,F1,0.45480810000000005,0.4458135,1000,0.0089946,-0.005309885,0.02384613249999999,0.8882,False
PropRAG,MuSiQue,all,DBEC-IG - DBEC-nobinding,R5_TITLE,0.7745,0.7556666666666667,1000,0.018833333333333337,0.011416666666666669,0.02683333333333333,1.0,True
PropRAG,MuSiQue,all,DBEC-IG - DBEC,EM,0.353,0.337,1000,0.016,0.006,0.027,0.9987,True
PropRAG,MuSiQue,all,DBEC-IG - DBEC,F1,0.45480810000000005,0.4358931,1000,0.018914999999999998,0.007532320000000001,0.030460245,0.9996,True
PropRAG,MuSiQue,all,DBEC-IG - DBEC,R5_TITLE,0.7745,0.7611666666666668,1000,0.013333333333333332,0.005083333333333334,0.0215,0.9994,True
PropRAG,MuSiQue,all,DBEC-IG - SetR-faithful,EM,0.353,0.344,1000,0.009,-0.017,0.035,0.7355,False
PropRAG,MuSiQue,all,DBEC-IG - SetR-faithful,F1,0.45480810000000005,0.44665059935764273,1000,0.008157500642357299,-0.018471038093384077,0.03431152026633754,0.7295,False
PropRAG,MuSiQue,all,DBEC-IG - SetR-faithful,R5_TITLE,0.7745,0.6909166666666667,1000,0.08358333333333334,0.066,0.10116666666666667,1.0,True
PropRAG,MuSiQue,all,DBEC-IG - SetR-style k20,EM,0.353,0.377,1000,-0.024,-0.047,0.0,0.0214,False
PropRAG,MuSiQue,all,DBEC-IG - SetR-style k20,F1,0.45480810000000005,0.4760560863543062,1000,-0.02124798635430617,-0.044120312384889795,0.001487242297205711,0.0328,False
PropRAG,MuSiQue,all,DBEC-IG - SetR-style k20,R5_TITLE,0.7745,0.7836666666666666,1000,-0.009166666666666667,-0.022916666666666665,0.004833333333333334,0.096,False
PropRAG,MuSiQue,all,DBEC-IG - RankGPT-style sliding,EM,0.353,0.319,1000,0.034,0.005,0.063,0.9894,True
PropRAG,MuSiQue,all,DBEC-IG - RankGPT-style sliding,F1,0.45480810000000005,0.40930187867687867,1000,0.045506221323121314,0.018727097902130545,0.07281880892734717,0.9992,True
PropRAG,MuSiQue,all,DBEC-IG - RankGPT-style sliding,R5_TITLE,0.7745,0.6630833333333332,1000,0.11141666666666666,0.09191458333333334,0.13041666666666668,1.0,True
PropRAG,MuSiQue,all,DBEC-nobinding - SetR-faithful,EM,0.343,0.344,1000,-0.001,-0.027,0.025,0.4586,False
PropRAG,MuSiQue,all,DBEC-nobinding - SetR-faithful,F1,0.4458135,0.44665059935764273,1000,-0.0008370993576427032,-0.026703264001364992,0.02597259316921894,0.4788,False
PropRAG,MuSiQue,all,DBEC-nobinding - SetR-faithful,R5_TITLE,0.7556666666666667,0.6909166666666667,1000,0.06475,0.047333333333333345,0.08175,1.0,True
PropRAG,MuSiQue,support_depth=2,DBEC-IG - DBEC-nobinding,EM,0.44015444015444016,0.43243243243243246,518,0.007722007722007722,-0.015444015444015444,0.03088803088803089,0.7124,False
PropRAG,MuSiQue,support_depth=2,DBEC-IG - DBEC-nobinding,F1,0.5524675675675675,0.5381801158301158,518,0.01428745173745174,-0.006326626447876447,0.035076365830115794,0.9146,False
PropRAG,MuSiQue,support_depth=2,DBEC-IG - DBEC-nobinding,R5_TITLE,0.8774131274131274,0.8532818532818532,518,0.02413127413127413,0.013513513513513514,0.03571428571428571,1.0,True
PropRAG,MuSiQue,support_depth=2,DBEC-IG - DBEC,EM,0.44015444015444016,0.42857142857142855,518,0.011583011583011582,0.0019305019305019305,0.023166023166023165,0.9826,True
PropRAG,MuSiQue,support_depth=2,DBEC-IG - DBEC,F1,0.5524675675675675,0.5423868725868727,518,0.010080694980694981,-0.0018999806949806949,0.022943426640926634,0.9473,False
PropRAG,MuSiQue,support_depth=2,DBEC-IG - DBEC,R5_TITLE,0.8774131274131274,0.8638996138996139,518,0.013513513513513514,0.003861003861003861,0.02413127413127413,0.9961,True
PropRAG,MuSiQue,support_depth=2,DBEC-IG - SetR-faithful,EM,0.44015444015444016,0.44594594594594594,518,-0.005791505791505791,-0.04247104247104247,0.03088803088803089,0.3542,False
PropRAG,MuSiQue,support_depth=2,DBEC-IG - SetR-faithful,F1,0.5524675675675675,0.5544229475952165,518,-0.0019553800276489344,-0.037318765659479954,0.034537445422760535,0.452,False
PropRAG,MuSiQue,support_depth=2,DBEC-IG - SetR-faithful,R5_TITLE,0.8774131274131274,0.7982625482625483,518,0.07915057915057915,0.05405405405405406,0.10521235521235521,1.0,True
PropRAG,MuSiQue,support_depth=2,DBEC-IG - SetR-style k20,EM,0.44015444015444016,0.4768339768339768,518,-0.03667953667953668,-0.0694980694980695,-0.005791505791505791,0.01,True
PropRAG,MuSiQue,support_depth=2,DBEC-IG - SetR-style k20,F1,0.5524675675675675,0.5857655570890865,518,-0.03329798952151893,-0.06290500613528976,-0.003728917130891944,0.0138,True
PropRAG,MuSiQue,support_depth=2,DBEC-IG - SetR-style k20,R5_TITLE,0.8774131274131274,0.8947876447876448,518,-0.017374517374517374,-0.03667953667953668,0.0019305019305019305,0.0346,False
PropRAG,MuSiQue,support_depth=2,DBEC-IG - RankGPT-style sliding,EM,0.44015444015444016,0.4111969111969112,518,0.02895752895752896,-0.009700772200772157,0.06761583011582942,0.9187,False
PropRAG,MuSiQue,support_depth=2,DBEC-IG - RankGPT-style sliding,F1,0.5524675675675675,0.5081643153071724,518,0.04430325226039512,0.006610993449008155,0.08297092663197703,0.9896,True
PropRAG,MuSiQue,support_depth=2,DBEC-IG - RankGPT-style sliding,R5_TITLE,0.8774131274131274,0.7741312741312741,518,0.10328185328185328,0.07528957528957529,0.13223938223938225,1.0,True
PropRAG,MuSiQue,support_depth=2,DBEC-nobinding - SetR-faithful,EM,0.43243243243243246,0.44594594594594594,518,-0.013513513513513514,-0.05019305019305019,0.023166023166023165,0.2225,False
PropRAG,MuSiQue,support_depth=2,DBEC-nobinding - SetR-faithful,F1,0.5381801158301158,0.5544229475952165,518,-0.016242831765100676,-0.050466761997339724,0.01786309306753632,0.1773,False
PropRAG,MuSiQue,support_depth=2,DBEC-nobinding - SetR-faithful,R5_TITLE,0.8532818532818532,0.7982625482625483,518,0.05501930501930502,0.029922779922779922,0.08011583011583012,1.0,True
PropRAG,MuSiQue,support_depth>=3,DBEC-IG - DBEC-nobinding,EM,0.25933609958506226,0.24688796680497926,482,0.012448132780082987,-0.008298755186721992,0.03319502074688797,0.8571,False
PropRAG,MuSiQue,support_depth>=3,DBEC-IG - DBEC-nobinding,F1,0.3498545643153527,0.346548132780083,482,0.00330643153526971,-0.017321696058091286,0.02329190352697094,0.6198,False
PropRAG,MuSiQue,support_depth>=3,DBEC-IG - DBEC-nobinding,R5_TITLE,0.6639004149377593,0.6507607192254494,482,0.013139695712309822,0.002420470262793914,0.024204702627939143,0.993,True
PropRAG,MuSiQue,support_depth>=3,DBEC-IG - DBEC,EM,0.25933609958506226,0.23858921161825727,482,0.02074688796680498,0.004149377593360996,0.03941908713692946,0.9863,True
PropRAG,MuSiQue,support_depth>=3,DBEC-IG - DBEC,F1,0.3498545643153527,0.3214454356846473,482,0.028409128630705396,0.009427282157676348,0.047966519709543555,0.9986,True
PropRAG,MuSiQue,support_depth>=3,DBEC-IG - DBEC,R5_TITLE,0.6639004149377593,0.6507607192254495,482,0.013139695712309822,6.737349267694312e-19,0.026279391424619644,0.975,True
PropRAG,MuSiQue,support_depth>=3,DBEC-IG - SetR-faithful,EM,0.25933609958506226,0.23443983402489627,482,0.024896265560165973,-0.012448132780082987,0.06224066390041494,0.8874,False
PropRAG,MuSiQue,support_depth>=3,DBEC-IG - SetR-faithful,F1,0.3498545643153527,0.3308288641147729,482,0.019025700200579764,-0.020613990052316795,0.05767984302173666,0.8296,False
PropRAG,MuSiQue,support_depth>=3,DBEC-IG - SetR-faithful,R5_TITLE,0.6639004149377593,0.5755532503457814,482,0.08834716459197788,0.06517980636237898,0.11186030428769018,1.0,True
PropRAG,MuSiQue,support_depth>=3,DBEC-IG - SetR-style k20,EM,0.25933609958506226,0.2697095435684647,482,-0.01037344398340249,-0.043568464730290454,0.022821576763485476,0.2473,False
PropRAG,MuSiQue,support_depth>=3,DBEC-IG - SetR-style k20,F1,0.3498545643153527,0.3581525472658908,482,-0.008297982950538095,-0.04324259749004726,0.026478504340349162,0.3225,False
PropRAG,MuSiQue,support_depth>=3,DBEC-IG - SetR-style k20,R5_TITLE,0.6639004149377593,0.6642461964038728,482,-0.0003457814661134158,-0.02057831950207469,0.019368084370677673,0.4882,False
PropRAG,MuSiQue,support_depth>=3,DBEC-IG - RankGPT-style sliding,EM,0.25933609958506226,0.21991701244813278,482,0.03941908713692946,0.0,0.08091286307053942,0.9714,False
PropRAG,MuSiQue,support_depth>=3,DBEC-IG - RankGPT-style sliding,F1,0.3498545643153527,0.3030555256177662,482,0.04679903869758641,0.006798845928161282,0.08598281068689265,0.9887,True
PropRAG,MuSiQue,support_depth>=3,DBEC-IG - RankGPT-style sliding,R5_TITLE,0.6639004149377593,0.5437413554633471,482,0.12015905947441217,0.09422544951590596,0.1462655601659751,1.0,True
PropRAG,MuSiQue,support_depth>=3,DBEC-nobinding - SetR-faithful,EM,0.24688796680497926,0.23443983402489627,482,0.012448132780082987,-0.026970954356846474,0.05186721991701245,0.7201,False
PropRAG,MuSiQue,support_depth>=3,DBEC-nobinding - SetR-faithful,F1,0.346548132780083,0.3308288641147729,482,0.015719268665310055,-0.023369108665080362,0.055039439766379684,0.786,False
PropRAG,MuSiQue,support_depth>=3,DBEC-nobinding - SetR-faithful,R5_TITLE,0.6507607192254494,0.5755532503457814,482,0.07520746887966805,0.051521438450899036,0.09837482710926695,1.0,True
PropRAG,MuSiQue,support_depth>=4,DBEC-IG - DBEC-nobinding,EM,0.18072289156626506,0.19879518072289157,166,-0.018072289156626505,-0.04819277108433735,0.012048192771084338,0.0879,False
PropRAG,MuSiQue,support_depth>=4,DBEC-IG - DBEC-nobinding,F1,0.275544578313253,0.29672048192771083,166,-0.02117590361445783,-0.05339578313253012,0.008762063253012048,0.0816,False
PropRAG,MuSiQue,support_depth>=4,DBEC-IG - DBEC-nobinding,R5_TITLE,0.5060240963855421,0.4939759036144578,166,0.012048192771084338,-0.0030120481927710845,0.0286144578313253,0.9208,False
PropRAG,MuSiQue,support_depth>=4,DBEC-IG - DBEC,EM,0.18072289156626506,0.15060240963855423,166,0.030120481927710843,-0.006024096385542169,0.06626506024096386,0.9396,False
PropRAG,MuSiQue,support_depth>=4,DBEC-IG - DBEC,F1,0.275544578313253,0.23582469879518073,166,0.03971987951807229,0.0035986746987951806,0.07955918674698795,0.9847,True
PropRAG,MuSiQue,support_depth>=4,DBEC-IG - DBEC,R5_TITLE,0.5060240963855421,0.5180722891566265,166,-0.012048192771084338,-0.03614457831325301,0.012048192771084338,0.1456,False
PropRAG,MuSiQue,support_depth>=4,DBEC-IG - SetR-faithful,EM,0.18072289156626506,0.1746987951807229,166,0.006024096385542169,-0.060240963855421686,0.07228915662650602,0.535,False
PropRAG,MuSiQue,support_depth>=4,DBEC-IG - SetR-faithful,F1,0.275544578313253,0.25664606477859486,166,0.01889851353465811,-0.047059076174829184,0.08565364959839356,0.7112,False
PropRAG,MuSiQue,support_depth>=4,DBEC-IG - SetR-faithful,R5_TITLE,0.5060240963855421,0.4683734939759036,166,0.03765060240963856,0.0015060240963855422,0.07379518072289157,0.976,True
PropRAG,MuSiQue,support_depth>=4,DBEC-IG - SetR-style k20,EM,0.18072289156626506,0.1927710843373494,166,-0.012048192771084338,-0.06626506024096386,0.04216867469879518,0.3014,False
PropRAG,MuSiQue,support_depth>=4,DBEC-IG - SetR-style k20,F1,0.275544578313253,0.29056355291295044,166,-0.015018974599697489,-0.07522645308506754,0.04461781672143114,0.3125,False
PropRAG,MuSiQue,support_depth>=4,DBEC-IG - SetR-style k20,R5_TITLE,0.5060240963855421,0.5271084337349398,166,-0.02108433734939759,-0.05421686746987952,0.012048192771084338,0.1009,False
PropRAG,MuSiQue,support_depth>=4,DBEC-IG - RankGPT-style sliding,EM,0.18072289156626506,0.15060240963855423,166,0.030120481927710843,-0.030120481927710843,0.09036144578313253,0.8059,False
PropRAG,MuSiQue,support_depth>=4,DBEC-IG - RankGPT-style sliding,F1,0.275544578313253,0.22986230636833047,166,0.045682271944922546,-0.016409059093516924,0.10593871987951804,0.9241,False
PropRAG,MuSiQue,support_depth>=4,DBEC-IG - RankGPT-style sliding,R5_TITLE,0.5060240963855421,0.4141566265060241,166,0.09186746987951808,0.04819277108433735,0.1355421686746988,1.0,True
PropRAG,MuSiQue,support_depth>=4,DBEC-nobinding - SetR-faithful,EM,0.19879518072289157,0.1746987951807229,166,0.024096385542168676,-0.04216867469879518,0.09036144578313253,0.731,False
PropRAG,MuSiQue,support_depth>=4,DBEC-nobinding - SetR-faithful,F1,0.29672048192771083,0.25664606477859486,166,0.04007441714911594,-0.026423390379700616,0.1072053220022949,0.8843,False
PropRAG,MuSiQue,support_depth>=4,DBEC-nobinding - SetR-faithful,R5_TITLE,0.4939759036144578,0.4683734939759036,166,0.025602409638554216,-0.010542168674698794,0.060240963855421686,0.9135,False
PropRAG,MuSiQue,gate=bind,DBEC-IG - DBEC-nobinding,EM,0.39892183288409705,0.3719676549865229,371,0.026954177897574125,-0.016172506738544475,0.07008086253369272,0.8796,False
PropRAG,MuSiQue,gate=bind,DBEC-IG - DBEC-nobinding,F1,0.4878353099730458,0.4635911051212938,371,0.02424420485175202,-0.014568632075471698,0.06465766846361184,0.8881,False
PropRAG,MuSiQue,gate=bind,DBEC-IG - DBEC-nobinding,R5_TITLE,0.8041329739442946,0.7533692722371967,371,0.05076370170709794,0.03099730458221024,0.07097933513027853,1.0,True
PropRAG,MuSiQue,gate=bind,DBEC-IG - DBEC,EM,0.39892183288409705,0.39892183288409705,371,0.0,0.0,0.0,0.0,False
PropRAG,MuSiQue,gate=bind,DBEC-IG - DBEC,F1,0.4878353099730458,0.4878353099730458,371,0.0,0.0,0.0,0.0,False
PropRAG,MuSiQue,gate=bind,DBEC-IG - DBEC,R5_TITLE,0.8041329739442946,0.8041329739442946,371,0.0,0.0,0.0,0.0,False
PropRAG,MuSiQue,gate=bind,DBEC-IG - SetR-faithful,EM,0.39892183288409705,0.41509433962264153,371,-0.016172506738544475,-0.06199460916442048,0.029649595687331536,0.2274,False
PropRAG,MuSiQue,gate=bind,DBEC-IG - SetR-faithful,F1,0.4878353099730458,0.5030486738390655,371,-0.015213363866019644,-0.05813519006855062,0.028101702120528017,0.2512,False
PropRAG,MuSiQue,gate=bind,DBEC-IG - SetR-faithful,R5_TITLE,0.8041329739442946,0.7275381850853548,371,0.0765947888589398,0.050089847259658586,0.10332434860736749,1.0,True
PropRAG,MuSiQue,gate=bind,DBEC-IG - SetR-style k20,EM,0.39892183288409705,0.4366576819407008,371,-0.03773584905660377,-0.07816711590296496,0.0026954177897574125,0.0308,False
PropRAG,MuSiQue,gate=bind,DBEC-IG - SetR-style k20,F1,0.4878353099730458,0.5217362385865636,371,-0.0339009286135178,-0.07243568216080028,0.004637710601459203,0.0406,False
PropRAG,MuSiQue,gate=bind,DBEC-IG - SetR-style k20,R5_TITLE,0.8041329739442946,0.7951482479784366,371,0.00898472596585804,-0.013477088948787063,0.031446540880503145,0.7854,False
PropRAG,MuSiQue,gate=bind,DBEC-IG - RankGPT-style sliding,EM,0.39892183288409705,0.38544474393531,371,0.013477088948787063,-0.03234501347708895,0.05929919137466307,0.6886,False
PropRAG,MuSiQue,gate=bind,DBEC-IG - RankGPT-style sliding,F1,0.4878353099730458,0.46486892245573075,371,0.022966387517315057,-0.021955592601204613,0.06738871241692787,0.8443,False
PropRAG,MuSiQue,gate=bind,DBEC-IG - RankGPT-style sliding,R5_TITLE,0.8041329739442946,0.7001347708894878,371,0.10399820305480681,0.07479222821203953,0.13409703504043127,1.0,True
PropRAG,MuSiQue,gate=bind,DBEC-nobinding - SetR-faithful,EM,0.3719676549865229,0.41509433962264153,371,-0.0431266846361186,-0.08632075471698107,0.0026954177897574125,0.0261,False
PropRAG,MuSiQue,gate=bind,DBEC-nobinding - SetR-faithful,F1,0.4635911051212938,0.5030486738390655,371,-0.03945756871777167,-0.08030599783133557,0.002127149985032479,0.0305,False
PropRAG,MuSiQue,gate=bind,DBEC-nobinding - SetR-faithful,R5_TITLE,0.7533692722371967,0.7275381850853548,371,0.02583108715184187,0.0011230907457322554,0.05098831985624438,0.9788,True
PropRAG,MuSiQue,gate=abstain,DBEC-IG - DBEC-nobinding,EM,0.32591414944356123,0.32591414944356123,629,0.0,0.0,0.0,0.0,False
PropRAG,MuSiQue,gate=abstain,DBEC-IG - DBEC-nobinding,F1,0.43532782193958663,0.43532782193958663,629,0.0,0.0,0.0,0.0,False
PropRAG,MuSiQue,gate=abstain,DBEC-IG - DBEC-nobinding,R5_TITLE,0.7570217276099629,0.7570217276099629,629,0.0,0.0,0.0,0.0,False
PropRAG,MuSiQue,gate=abstain,DBEC-IG - DBEC,EM,0.32591414944356123,0.3004769475357711,629,0.025437201907790145,0.009538950715421303,0.04292527821939587,0.9985,True
PropRAG,MuSiQue,gate=abstain,DBEC-IG - DBEC,F1,0.43532782193958663,0.405256279809221,629,0.03007154213036566,0.012196613672496023,0.04848338632750397,0.9995,True
PropRAG,MuSiQue,gate=abstain,DBEC-IG - DBEC,R5_TITLE,0.7570217276099629,0.7358240593534711,629,0.021197668256491786,0.008346581875993643,0.03431372549019608,0.9996,True
PropRAG,MuSiQue,gate=abstain,DBEC-IG - SetR-faithful,EM,0.32591414944356123,0.302066772655008,629,0.02384737678855326,-0.009538950715421303,0.057233704292527825,0.9165,False
PropRAG,MuSiQue,gate=abstain,DBEC-IG - SetR-faithful,F1,0.43532782193958663,0.4133855983519068,629,0.021942223587679787,-0.01121939454843662,0.05514279620689423,0.8996,False
PropRAG,MuSiQue,gate=abstain,DBEC-IG - SetR-faithful,R5_TITLE,0.7570217276099629,0.6693163751987281,629,0.08770535241123475,0.06518282988871224,0.11009870164281926,1.0,True
PropRAG,MuSiQue,gate=abstain,DBEC-IG - SetR-style k20,EM,0.32591414944356123,0.34181240063593005,629,-0.01589825119236884,-0.04292527821939587,0.012718600953895072,0.1135,False
PropRAG,MuSiQue,gate=abstain,DBEC-IG - SetR-style k20,F1,0.43532782193958663,0.44911278511715585,629,-0.01378496317756926,-0.04120745350662306,0.01404606694984722,0.169,False
PropRAG,MuSiQue,gate=abstain,DBEC-IG - SetR-style k20,R5_TITLE,0.7570217276099629,0.7768945416004239,629,-0.01987281399046105,-0.03709591944886062,-0.002384737678855324,0.0119,True
PropRAG,MuSiQue,gate=abstain,DBEC-IG - RankGPT-style sliding,EM,0.32591414944356123,0.27980922098569155,629,0.046104928457869634,0.011128775834658187,0.08108108108108109,0.9957,True
PropRAG,MuSiQue,gate=abstain,DBEC-IG - RankGPT-style sliding,F1,0.43532782193958663,0.37652704045437607,629,0.058800781485210556,0.024638368025824774,0.09461443131735515,0.9996,True
PropRAG,MuSiQue,gate=abstain,DBEC-IG - RankGPT-style sliding,R5_TITLE,0.7570217276099629,0.6412294647588765,629,0.11579226285108639,0.09062003179650238,0.14109697933227344,1.0,True
PropRAG,MuSiQue,gate=abstain,DBEC-nobinding - SetR-faithful,EM,0.32591414944356123,0.302066772655008,629,0.02384737678855326,-0.00794912559618442,0.057233704292527825,0.914,False
PropRAG,MuSiQue,gate=abstain,DBEC-nobinding - SetR-faithful,F1,0.43532782193958663,0.4133855983519068,629,0.021942223587679787,-0.010918795514377378,0.054596437523675725,0.9046,False
PropRAG,MuSiQue,gate=abstain,DBEC-nobinding - SetR-faithful,R5_TITLE,0.7570217276099629,0.6693163751987281,629,0.08770535241123475,0.06584525702172762,0.11036036036036034,1.0,True
PropRAG,MuSiQue,support_depth=2|gate=bind,DBEC-IG - DBEC-nobinding,EM,0.47641509433962265,0.45754716981132076,212,0.018867924528301886,-0.03773584905660377,0.07547169811320754,0.7145,False
PropRAG,MuSiQue,support_depth=2|gate=bind,DBEC-IG - DBEC-nobinding,F1,0.5963174528301887,0.5614075471698113,212,0.03490990566037736,-0.015405082547169813,0.0839698113207547,0.9122,False
PropRAG,MuSiQue,support_depth=2|gate=bind,DBEC-IG - DBEC-nobinding,R5_TITLE,0.9150943396226415,0.8561320754716981,212,0.0589622641509434,0.0330188679245283,0.08490566037735849,1.0,True
PropRAG,MuSiQue,support_depth=2|gate=bind,DBEC-IG - DBEC,EM,0.47641509433962265,0.47641509433962265,212,0.0,0.0,0.0,0.0,False
PropRAG,MuSiQue,support_depth=2|gate=bind,DBEC-IG - DBEC,F1,0.5963174528301887,0.5963174528301887,212,0.0,0.0,0.0,0.0,False
PropRAG,MuSiQue,support_depth=2|gate=bind,DBEC-IG - DBEC,R5_TITLE,0.9150943396226415,0.9150943396226415,212,0.0,0.0,0.0,0.0,False
PropRAG,MuSiQue,support_depth=2|gate=bind,DBEC-IG - SetR-faithful,EM,0.47641509433962265,0.5235849056603774,212,-0.04716981132075472,-0.10849056603773585,0.014150943396226415,0.0522,False
PropRAG,MuSiQue,support_depth=2|gate=bind,DBEC-IG - SetR-faithful,F1,0.5963174528301887,0.6248912520763242,212,-0.02857379924613553,-0.08643666072620497,0.02776058336610363,0.1661,False
PropRAG,MuSiQue,support_depth=2|gate=bind,DBEC-IG - SetR-faithful,R5_TITLE,0.9150943396226415,0.8325471698113207,212,0.08254716981132075,0.04716981132075472,0.1179245283018868,1.0,True
PropRAG,MuSiQue,support_depth=2|gate=bind,DBEC-IG - SetR-style k20,EM,0.47641509433962265,0.5330188679245284,212,-0.05660377358490566,-0.11320754716981132,0.0,0.0171,False
PropRAG,MuSiQue,support_depth=2|gate=bind,DBEC-IG - SetR-style k20,F1,0.5963174528301887,0.6413995218309869,212,-0.04508206900079818,-0.09542443719940806,0.004800510837740992,0.0377,False
PropRAG,MuSiQue,support_depth=2|gate=bind,DBEC-IG - SetR-style k20,R5_TITLE,0.9150943396226415,0.8985849056603774,212,0.01650943396226415,-0.01179245283018868,0.04481132075471698,0.8546,False
PropRAG,MuSiQue,support_depth=2|gate=bind,DBEC-IG - RankGPT-style sliding,EM,0.47641509433962265,0.46226415094339623,212,0.014150943396226415,-0.05188679245283019,0.08018867924528301,0.6354,False
PropRAG,MuSiQue,support_depth=2|gate=bind,DBEC-IG - RankGPT-style sliding,F1,0.5963174528301887,0.5570659054843294,212,0.03925154734585922,-0.021244808115641913,0.10054472575365193,0.8954,False
PropRAG,MuSiQue,support_depth=2|gate=bind,DBEC-IG - RankGPT-style sliding,R5_TITLE,0.9150943396226415,0.8066037735849056,212,0.10849056603773585,0.06839622641509434,0.14858490566037735,1.0,True
PropRAG,MuSiQue,support_depth=2|gate=bind,DBEC-nobinding - SetR-faithful,EM,0.45754716981132076,0.5235849056603774,212,-0.0660377358490566,-0.12264150943396226,-0.009433962264150943,0.0099,True
PropRAG,MuSiQue,support_depth=2|gate=bind,DBEC-nobinding - SetR-faithful,F1,0.5614075471698113,0.6248912520763242,212,-0.0634837049065129,-0.11753173881904876,-0.011284263083614505,0.0103,True
PropRAG,MuSiQue,support_depth=2|gate=bind,DBEC-nobinding - SetR-faithful,R5_TITLE,0.8561320754716981,0.8325471698113207,212,0.02358490566037736,-0.009433962264150943,0.05660377358490566,0.8999,False
PropRAG,MuSiQue,support_depth=2|gate=abstain,DBEC-IG - DBEC-nobinding,EM,0.4150326797385621,0.4150326797385621,306,0.0,0.0,0.0,0.0,False
PropRAG,MuSiQue,support_depth=2|gate=abstain,DBEC-IG - DBEC-nobinding,F1,0.5220879084967319,0.5220879084967319,306,0.0,0.0,0.0,0.0,False
PropRAG,MuSiQue,support_depth=2|gate=abstain,DBEC-IG - DBEC-nobinding,R5_TITLE,0.8513071895424836,0.8513071895424836,306,0.0,0.0,0.0,0.0,False
PropRAG,MuSiQue,support_depth=2|gate=abstain,DBEC-IG - DBEC,EM,0.4150326797385621,0.3954248366013072,306,0.0196078431372549,0.0032679738562091504,0.0392156862745098,0.9836,True
PropRAG,MuSiQue,support_depth=2|gate=abstain,DBEC-IG - DBEC,F1,0.5220879084967319,0.5050232026143792,306,0.01706470588235294,-0.0029402124183006547,0.03879429738562091,0.9517,False
PropRAG,MuSiQue,support_depth=2|gate=abstain,DBEC-IG - DBEC,R5_TITLE,0.8513071895424836,0.8284313725490197,306,0.02287581699346405,0.006535947712418301,0.04084967320261438,0.9977,True
PropRAG,MuSiQue,support_depth=2|gate=abstain,DBEC-IG - SetR-faithful,EM,0.4150326797385621,0.39215686274509803,306,0.02287581699346405,-0.02287581699346405,0.06862745098039216,0.8188,False
PropRAG,MuSiQue,support_depth=2|gate=abstain,DBEC-IG - SetR-faithful,F1,0.5220879084967319,0.5056017693272595,306,0.016486139169472502,-0.028144093785662412,0.06244633280753378,0.7642,False
PropRAG,MuSiQue,support_depth=2|gate=abstain,DBEC-IG - SetR-faithful,R5_TITLE,0.8513071895424836,0.7745098039215687,306,0.07679738562091504,0.042483660130718956,0.1111111111111111,1.0,True
PropRAG,MuSiQue,support_depth=2|gate=abstain,DBEC-IG - SetR-style k20,EM,0.4150326797385621,0.43790849673202614,306,-0.02287581699346405,-0.06209150326797386,0.016339869281045753,0.0992,False
PropRAG,MuSiQue,support_depth=2|gate=abstain,DBEC-IG - SetR-style k20,F1,0.5220879084967319,0.5472217645228025,306,-0.025133856026070562,-0.06161546935757864,0.01158885603924674,0.0904,False
PropRAG,MuSiQue,support_depth=2|gate=abstain,DBEC-IG - SetR-style k20,R5_TITLE,0.8513071895424836,0.8921568627450981,306,-0.04084967320261438,-0.06699346405228758,-0.016339869281045753,0.0001,True
PropRAG,MuSiQue,support_depth=2|gate=abstain,DBEC-IG - RankGPT-style sliding,EM,0.4150326797385621,0.3758169934640523,306,0.0392156862745098,-0.00980392156862745,0.0883169934640511,0.9298,False
PropRAG,MuSiQue,support_depth=2|gate=abstain,DBEC-IG - RankGPT-style sliding,F1,0.5220879084967319,0.4742847822432597,306,0.04780312625347227,-0.0015728762025705532,0.09578932990585814,0.9716,False
PropRAG,MuSiQue,support_depth=2|gate=abstain,DBEC-IG - RankGPT-style sliding,R5_TITLE,0.8513071895424836,0.7516339869281046,306,0.09967320261437909,0.06045751633986928,0.1388888888888889,1.0,True
PropRAG,MuSiQue,support_depth=2|gate=abstain,DBEC-nobinding - SetR-faithful,EM,0.4150326797385621,0.39215686274509803,306,0.02287581699346405,-0.02287581699346405,0.06862745098039216,0.8244,False
PropRAG,MuSiQue,support_depth=2|gate=abstain,DBEC-nobinding - SetR-faithful,F1,0.5220879084967319,0.5056017693272595,306,0.016486139169472502,-0.029065407188127775,0.06166821440360656,0.7577,False
PropRAG,MuSiQue,support_depth=2|gate=abstain,DBEC-nobinding - SetR-faithful,R5_TITLE,0.8513071895424836,0.7745098039215687,306,0.07679738562091504,0.042483660130718956,0.1111111111111111,1.0,True
PropRAG,MuSiQue,support_depth>=3|gate=bind,DBEC-IG - DBEC-nobinding,EM,0.29559748427672955,0.2578616352201258,159,0.03773584905660377,-0.025157232704402517,0.10062893081761007,0.852,False
PropRAG,MuSiQue,support_depth>=3|gate=bind,DBEC-IG - DBEC-nobinding,F1,0.3431924528301887,0.3331691823899371,159,0.01002327044025157,-0.05058441823899371,0.07248399371069182,0.6365,False
PropRAG,MuSiQue,support_depth>=3|gate=bind,DBEC-IG - DBEC-nobinding,R5_TITLE,0.6561844863731657,0.6163522012578616,159,0.039832285115303984,0.007861635220125786,0.07180293501048218,0.9933,True
PropRAG,MuSiQue,support_depth>=3|gate=bind,DBEC-IG - DBEC,EM,0.29559748427672955,0.29559748427672955,159,0.0,0.0,0.0,0.0,False
PropRAG,MuSiQue,support_depth>=3|gate=bind,DBEC-IG - DBEC,F1,0.3431924528301887,0.3431924528301887,159,0.0,0.0,0.0,0.0,False
PropRAG,MuSiQue,support_depth>=3|gate=bind,DBEC-IG - DBEC,R5_TITLE,0.6561844863731657,0.6561844863731657,159,0.0,0.0,0.0,0.0,False
PropRAG,MuSiQue,support_depth>=3|gate=bind,DBEC-IG - SetR-faithful,EM,0.29559748427672955,0.27044025157232704,159,0.025157232704402517,-0.0440251572327044,0.09433962264150944,0.7426,False
PropRAG,MuSiQue,support_depth>=3|gate=bind,DBEC-IG - SetR-faithful,F1,0.3431924528301887,0.34059190285605384,159,0.0026005499741348793,-0.06610255213863704,0.07071691503988672,0.5134,False
PropRAG,MuSiQue,support_depth>=3|gate=bind,DBEC-IG - SetR-faithful,R5_TITLE,0.6561844863731657,0.5875262054507336,159,0.06865828092243186,0.029874213836477995,0.10745545073375244,0.9996,True
PropRAG,MuSiQue,support_depth>=3|gate=bind,DBEC-IG - SetR-style k20,EM,0.29559748427672955,0.3081761006289308,159,-0.012578616352201259,-0.07547169811320754,0.050314465408805034,0.313,False
PropRAG,MuSiQue,support_depth>=3|gate=bind,DBEC-IG - SetR-style k20,F1,0.3431924528301887,0.362185194260666,159,-0.018992741430477276,-0.0800396012687522,0.04232005166217428,0.2658,False
PropRAG,MuSiQue,support_depth>=3|gate=bind,DBEC-IG - SetR-style k20,R5_TITLE,0.6561844863731657,0.6572327044025157,159,-0.0010482180293501081,-0.03668763102725367,0.03563941299790356,0.4851,False
PropRAG,MuSiQue,support_depth>=3|gate=bind,DBEC-IG - RankGPT-style sliding,EM,0.29559748427672955,0.2830188679245283,159,0.012578616352201259,-0.05660377358490566,0.08176100628930817,0.6107,False
PropRAG,MuSiQue,support_depth>=3|gate=bind,DBEC-IG - RankGPT-style sliding,F1,0.3431924528301887,0.3419396117509325,159,0.0012528410792561737,-0.06261898418143699,0.06754067188053035,0.5095,False
PropRAG,MuSiQue,support_depth>=3|gate=bind,DBEC-IG - RankGPT-style sliding,R5_TITLE,0.6561844863731657,0.5581761006289309,159,0.09800838574423479,0.054507337526205436,0.1420335429769392,1.0,True
PropRAG,MuSiQue,support_depth>=3|gate=bind,DBEC-nobinding - SetR-faithful,EM,0.2578616352201258,0.27044025157232704,159,-0.012578616352201259,-0.08176100628930817,0.05660377358490566,0.3264,False
PropRAG,MuSiQue,support_depth>=3|gate=bind,DBEC-nobinding - SetR-faithful,F1,0.3331691823899371,0.34059190285605384,159,-0.007422720466116693,-0.07364930742737347,0.06036977715156956,0.4171,False
PropRAG,MuSiQue,support_depth>=3|gate=bind,DBEC-nobinding - SetR-faithful,R5_TITLE,0.6163522012578616,0.5875262054507336,159,0.028825995807127885,-0.007337526205450732,0.0660377358490566,0.9394,False
PropRAG,MuSiQue,support_depth>=3|gate=abstain,DBEC-IG - DBEC-nobinding,EM,0.24148606811145512,0.24148606811145512,323,0.0,0.0,0.0,0.0,False
PropRAG,MuSiQue,support_depth>=3|gate=abstain,DBEC-IG - DBEC-nobinding,F1,0.3531340557275542,0.3531340557275542,323,0.0,0.0,0.0,0.0,False
PropRAG,MuSiQue,support_depth>=3|gate=abstain,DBEC-IG - DBEC-nobinding,R5_TITLE,0.6676986584107327,0.6676986584107327,323,0.0,0.0,0.0,0.0,False
PropRAG,MuSiQue,support_depth>=3|gate=abstain,DBEC-IG - DBEC,EM,0.24148606811145512,0.21052631578947367,323,0.030959752321981424,0.0030959752321981426,0.058823529411764705,0.9862,True
PropRAG,MuSiQue,support_depth>=3|gate=abstain,DBEC-IG - DBEC,F1,0.3531340557275542,0.3107402476780186,323,0.04239380804953561,0.013917685758513933,0.07180280185758513,0.9986,True
PropRAG,MuSiQue,support_depth>=3|gate=abstain,DBEC-IG - DBEC,R5_TITLE,0.6676986584107327,0.6480908152734778,323,0.019607843137254905,0.00025799793601651234,0.03947368421052632,0.9772,True
PropRAG,MuSiQue,support_depth>=3|gate=abstain,DBEC-IG - SetR-faithful,EM,0.24148606811145512,0.21671826625386997,323,0.02476780185758514,-0.021671826625386997,0.07120743034055728,0.8339,False
PropRAG,MuSiQue,support_depth>=3|gate=abstain,DBEC-IG - SetR-faithful,F1,0.3531340557275542,0.3260229100594675,323,0.027111145668086697,-0.021368835246251806,0.0748908411483193,0.8692,False
PropRAG,MuSiQue,support_depth>=3|gate=abstain,DBEC-IG - SetR-faithful,R5_TITLE,0.6676986584107327,0.5696594427244582,323,0.09803921568627452,0.06811145510835913,0.1277154282765737,1.0,True
PropRAG,MuSiQue,support_depth>=3|gate=abstain,DBEC-IG - SetR-style k20,EM,0.24148606811145512,0.25077399380804954,323,-0.009287925696594427,-0.04953560371517028,0.030959752321981424,0.2964,False
PropRAG,MuSiQue,support_depth>=3|gate=abstain,DBEC-IG - SetR-style k20,F1,0.3531340557275542,0.3561674362065433,323,-0.0030333804789890824,-0.044978034302118136,0.03767487481481818,0.4435,False
PropRAG,MuSiQue,support_depth>=3|gate=abstain,DBEC-IG - SetR-style k20,R5_TITLE,0.6676986584107327,0.6676986584107327,323,0.0,-0.02347781217750258,0.023735810113519093,0.5022,False
PropRAG,MuSiQue,support_depth>=3|gate=abstain,DBEC-IG - RankGPT-style sliding,EM,0.24148606811145512,0.18885448916408668,323,0.05263157894736842,0.0030959752321981426,0.1021671826625387,0.9812,True
PropRAG,MuSiQue,support_depth>=3|gate=abstain,DBEC-IG - RankGPT-style sliding,F1,0.3531340557275542,0.28391444297017054,323,0.06921961275738364,0.02067555469556244,0.11786502113125952,0.997,True
PropRAG,MuSiQue,support_depth>=3|gate=abstain,DBEC-IG - RankGPT-style sliding,R5_TITLE,0.6676986584107327,0.5366357069143447,323,0.13106295149638802,0.09907120743034056,0.163312693498452,1.0,True
PropRAG,MuSiQue,support_depth>=3|gate=abstain,DBEC-nobinding - SetR-faithful,EM,0.24148606811145512,0.21671826625386997,323,0.02476780185758514,-0.021671826625386997,0.07120743034055728,0.8354,False
PropRAG,MuSiQue,support_depth>=3|gate=abstain,DBEC-nobinding - SetR-faithful,F1,0.3531340557275542,0.3260229100594675,323,0.027111145668086697,-0.020436560344601392,0.075682354500502,0.8656,False
PropRAG,MuSiQue,support_depth>=3|gate=abstain,DBEC-nobinding - SetR-faithful,R5_TITLE,0.6676986584107327,0.5696594427244582,323,0.09803921568627452,0.06888544891640867,0.12770897832817338,1.0,True
PropRAG,MuSiQue,support_depth>=4|gate=bind,DBEC-IG - DBEC-nobinding,EM,0.15384615384615385,0.21153846153846154,52,-0.057692307692307696,-0.15384615384615385,0.038461538461538464,0.0835,False
PropRAG,MuSiQue,support_depth>=4|gate=bind,DBEC-IG - DBEC-nobinding,F1,0.19123846153846152,0.2588384615384615,52,-0.06760000000000001,-0.16987307692307693,0.02826346153846154,0.0794,False
PropRAG,MuSiQue,support_depth>=4|gate=bind,DBEC-IG - DBEC-nobinding,R5_TITLE,0.5384615384615384,0.5,52,0.038461538461538464,-0.009615384615384616,0.09134615384615384,0.9217,False
PropRAG,MuSiQue,support_depth>=4|gate=bind,DBEC-IG - DBEC,EM,0.15384615384615385,0.15384615384615385,52,0.0,0.0,0.0,0.0,False
PropRAG,MuSiQue,support_depth>=4|gate=bind,DBEC-IG - DBEC,F1,0.19123846153846152,0.19123846153846152,52,0.0,0.0,0.0,0.0,False
PropRAG,MuSiQue,support_depth>=4|gate=bind,DBEC-IG - DBEC,R5_TITLE,0.5384615384615384,0.5384615384615384,52,0.0,0.0,0.0,0.0,False
PropRAG,MuSiQue,support_depth>=4|gate=bind,DBEC-IG - SetR-faithful,EM,0.15384615384615385,0.23076923076923078,52,-0.07692307692307693,-0.19230769230769232,0.019230769230769232,0.0497,False
PropRAG,MuSiQue,support_depth>=4|gate=bind,DBEC-IG - SetR-faithful,F1,0.19123846153846152,0.2788461538461538,52,-0.0876076923076923,-0.19551283653846158,0.016025000000000005,0.048,False
PropRAG,MuSiQue,support_depth>=4|gate=bind,DBEC-IG - SetR-faithful,R5_TITLE,0.5384615384615384,0.4567307692307692,52,0.08173076923076923,0.019230769230769232,0.14423076923076922,0.9945,True
PropRAG,MuSiQue,support_depth>=4|gate=bind,DBEC-IG - SetR-style k20,EM,0.15384615384615385,0.23076923076923078,52,-0.07692307692307693,-0.17307692307692307,0.0,0.0233,False
PropRAG,MuSiQue,support_depth>=4|gate=bind,DBEC-IG - SetR-style k20,F1,0.19123846153846152,0.27371794871794874,52,-0.08247948717948718,-0.18269294871794875,0.013674358974358973,0.0455,False
PropRAG,MuSiQue,support_depth>=4|gate=bind,DBEC-IG - SetR-style k20,R5_TITLE,0.5384615384615384,0.5288461538461539,52,0.009615384615384616,-0.052884615384615384,0.07211538461538461,0.5989,False
PropRAG,MuSiQue,support_depth>=4|gate=bind,DBEC-IG - RankGPT-style sliding,EM,0.15384615384615385,0.19230769230769232,52,-0.038461538461538464,-0.1346153846153846,0.057692307692307696,0.1485,False
PropRAG,MuSiQue,support_depth>=4|gate=bind,DBEC-IG - RankGPT-style sliding,F1,0.19123846153846152,0.2274725274725275,52,-0.03623406593406593,-0.1285444230769231,0.055457651098900745,0.2213,False
PropRAG,MuSiQue,support_depth>=4|gate=bind,DBEC-IG - RankGPT-style sliding,R5_TITLE,0.5384615384615384,0.4375,52,0.10096153846153846,0.028846153846153848,0.16826923076923078,0.9984,True
PropRAG,MuSiQue,support_depth>=4|gate=bind,DBEC-nobinding - SetR-faithful,EM,0.21153846153846154,0.23076923076923078,52,-0.019230769230769232,-0.15384615384615385,0.09615384615384616,0.3169,False
PropRAG,MuSiQue,support_depth>=4|gate=bind,DBEC-nobinding - SetR-faithful,F1,0.2588384615384615,0.2788461538461538,52,-0.020007692307692306,-0.12577565705128205,0.08974360576923077,0.3555,False
PropRAG,MuSiQue,support_depth>=4|gate=bind,DBEC-nobinding - SetR-faithful,R5_TITLE,0.5,0.4567307692307692,52,0.04326923076923077,-0.014423076923076924,0.10096153846153846,0.9171,False
PropRAG,MuSiQue,support_depth>=4|gate=abstain,DBEC-IG - DBEC-nobinding,EM,0.19298245614035087,0.19298245614035087,114,0.0,0.0,0.0,0.0,False
PropRAG,MuSiQue,support_depth>=4|gate=abstain,DBEC-IG - DBEC-nobinding,F1,0.31400000000000006,0.31400000000000006,114,0.0,0.0,0.0,0.0,False
PropRAG,MuSiQue,support_depth>=4|gate=abstain,DBEC-IG - DBEC-nobinding,R5_TITLE,0.49122807017543857,0.49122807017543857,114,0.0,0.0,0.0,0.0,False
PropRAG,MuSiQue,support_depth>=4|gate=abstain,DBEC-IG - DBEC,EM,0.19298245614035087,0.14912280701754385,114,0.043859649122807015,-0.008771929824561403,0.09649122807017543,0.9394,False
PropRAG,MuSiQue,support_depth>=4|gate=abstain,DBEC-IG - DBEC,F1,0.31400000000000006,0.2561622807017544,114,0.05783771929824562,0.004091600877192982,0.11514947368421048,0.982,True
PropRAG,MuSiQue,support_depth>=4|gate=abstain,DBEC-IG - DBEC,R5_TITLE,0.49122807017543857,0.5087719298245614,114,-0.017543859649122806,-0.05263157894736842,0.017543859649122806,0.1443,False
PropRAG,MuSiQue,support_depth>=4|gate=abstain,DBEC-IG - SetR-faithful,EM,0.19298245614035087,0.14912280701754385,114,0.043859649122807015,-0.03508771929824561,0.12280701754385964,0.8258,False
PropRAG,MuSiQue,support_depth>=4|gate=abstain,DBEC-IG - SetR-faithful,F1,0.31400000000000006,0.2465197083618136,114,0.06748029163818638,-0.014740749316472995,0.1510728007518797,0.9461,False
PropRAG,MuSiQue,support_depth>=4|gate=abstain,DBEC-IG - SetR-faithful,R5_TITLE,0.49122807017543857,0.47368421052631576,114,0.017543859649122806,-0.02631578947368421,0.06359649122807018,0.7658,False
PropRAG,MuSiQue,support_depth>=4|gate=abstain,DBEC-IG - SetR-style k20,EM,0.19298245614035087,0.17543859649122806,114,0.017543859649122806,-0.05263157894736842,0.08771929824561403,0.648,False
PropRAG,MuSiQue,support_depth>=4|gate=abstain,DBEC-IG - SetR-style k20,F1,0.31400000000000006,0.29824751272119693,114,0.01575248727880307,-0.05810725972127287,0.08984853810663017,0.6624,False
PropRAG,MuSiQue,support_depth>=4|gate=abstain,DBEC-IG - SetR-style k20,R5_TITLE,0.49122807017543857,0.5263157894736842,114,-0.03508771929824561,-0.07456140350877193,0.0043859649122807015,0.0367,False
PropRAG,MuSiQue,support_depth>=4|gate=abstain,DBEC-IG - RankGPT-style sliding,EM,0.19298245614035087,0.13157894736842105,114,0.06140350877192982,-0.017543859649122806,0.14035087719298245,0.9249,False
PropRAG,MuSiQue,support_depth>=4|gate=abstain,DBEC-IG - RankGPT-style sliding,F1,0.31400000000000006,0.23095238095238096,114,0.08304761904761905,0.006029847535505441,0.16208121136173764,0.9822,True
PropRAG,MuSiQue,support_depth>=4|gate=abstain,DBEC-IG - RankGPT-style sliding,R5_TITLE,0.49122807017543857,0.40350877192982454,114,0.08771929824561403,0.03508771929824561,0.14035087719298245,0.999,True
PropRAG,MuSiQue,support_depth>=4|gate=abstain,DBEC-nobinding - SetR-faithful,EM,0.19298245614035087,0.14912280701754385,114,0.043859649122807015,-0.03508771929824561,0.12280701754385964,0.8214,False
PropRAG,MuSiQue,support_depth>=4|gate=abstain,DBEC-nobinding - SetR-faithful,F1,0.31400000000000006,0.2465197083618136,114,0.06748029163818638,-0.015313185805422656,0.15114274777853723,0.9492,False
PropRAG,MuSiQue,support_depth>=4|gate=abstain,DBEC-nobinding - SetR-faithful,R5_TITLE,0.49122807017543857,0.47368421052631576,114,0.017543859649122806,-0.02850877192982456,0.06359649122807018,0.7582,False
