dataset,slice,n,min_gold_doc_count,max_gold_doc_count,mean_gold_doc_count,comparison,metric,left_mean,right_mean,delta_mean,ci_low,ci_high,p_delta_gt_0,ci_excludes_zero
2Wiki,all,1000,2,4,2.47,DAEC-selective - RankGPT-style sliding,EM,0.642,0.602,0.04,0.018,0.062,0.9998,True
2Wiki,all,1000,2,4,2.47,DAEC-selective - RankGPT-style sliding,F1,0.7118277000000001,0.6658764652014652,0.0459512347985348,0.023970974584859583,0.06723131434065935,1.0,True
2Wiki,all,1000,2,4,2.47,DAEC-selective - RankGPT-style sliding,R5_TITLE,0.941,0.91175,0.02925,0.01575,0.043,1.0,True
2Wiki,all,1000,2,4,2.47,SetR-faithful - RankGPT-style sliding,EM,0.603,0.602,0.001,-0.022,0.024,0.5161,False
2Wiki,all,1000,2,4,2.47,SetR-faithful - RankGPT-style sliding,F1,0.6746146325896326,0.6658764652014652,0.008738167388167387,-0.014101029942279943,0.03189951659451659,0.7708,False
2Wiki,all,1000,2,4,2.47,SetR-faithful - RankGPT-style sliding,R5_TITLE,0.884,0.91175,-0.02775,-0.042,-0.01375,0.0001,True
2Wiki,all,1000,2,4,2.47,DAEC-selective - SetR-faithful,EM,0.642,0.603,0.039,0.015,0.063,0.9994,True
2Wiki,all,1000,2,4,2.47,DAEC-selective - SetR-faithful,F1,0.7118277000000001,0.6746146325896326,0.03721306741036741,0.015432672370684873,0.05930198444777444,0.9995,True
2Wiki,all,1000,2,4,2.47,DAEC-selective - SetR-faithful,R5_TITLE,0.941,0.884,0.057,0.04325,0.07075,1.0,True
2Wiki,gold_doc_count=2,765,2,2,2.0,DAEC-selective - RankGPT-style sliding,EM,0.5581699346405229,0.5241830065359477,0.03398692810457516,0.00784313725490196,0.06013071895424837,0.9941,True
2Wiki,gold_doc_count=2,765,2,2,2.0,DAEC-selective - RankGPT-style sliding,F1,0.6494469281045752,0.6072459240106299,0.042201004093945275,0.017592310864516746,0.06709452013454954,0.9998,True
2Wiki,gold_doc_count=2,765,2,2,2.0,DAEC-selective - RankGPT-style sliding,R5_TITLE,0.9444444444444444,0.9137254901960784,0.03071895424836601,0.01437908496732026,0.047058823529411764,0.9998,True
2Wiki,gold_doc_count=2,765,2,2,2.0,SetR-faithful - RankGPT-style sliding,EM,0.5529411764705883,0.5241830065359477,0.02875816993464052,0.006535947712418301,0.05228758169934641,0.9929,True
2Wiki,gold_doc_count=2,765,2,2,2.0,SetR-faithful - RankGPT-style sliding,F1,0.6449573991730855,0.6072459240106299,0.03771147516245555,0.014417730054984956,0.06131136764470095,0.9998,True
2Wiki,gold_doc_count=2,765,2,2,2.0,SetR-faithful - RankGPT-style sliding,R5_TITLE,0.9150326797385621,0.9137254901960784,0.00130718954248366,-0.01437908496732026,0.01699346405228758,0.5438,False
2Wiki,gold_doc_count=2,765,2,2,2.0,DAEC-selective - SetR-faithful,EM,0.5581699346405229,0.5529411764705883,0.00522875816993464,-0.0196078431372549,0.030065359477124184,0.6476,False
2Wiki,gold_doc_count=2,765,2,2,2.0,DAEC-selective - SetR-faithful,F1,0.6494469281045752,0.6449573991730855,0.0044895289314897165,-0.01847834280715653,0.02726778697772815,0.6454,False
2Wiki,gold_doc_count=2,765,2,2,2.0,DAEC-selective - SetR-faithful,R5_TITLE,0.9444444444444444,0.9150326797385621,0.029411764705882353,0.01437908496732026,0.044444444444444446,0.9999,True
2Wiki,gold_doc_count>=3,235,4,4,4.0,DAEC-selective - RankGPT-style sliding,EM,0.9148936170212766,0.8553191489361702,0.059574468085106386,0.01276595744680851,0.10638297872340426,0.9942,True
2Wiki,gold_doc_count>=3,235,4,4,4.0,DAEC-selective - RankGPT-style sliding,F1,0.9148970212765958,0.8567375886524823,0.05815943262411347,0.014187801418439719,0.10354950354609929,0.9966,True
2Wiki,gold_doc_count>=3,235,4,4,4.0,DAEC-selective - RankGPT-style sliding,R5_TITLE,0.9297872340425531,0.9053191489361702,0.02446808510638298,0.002127659574468085,0.04680851063829787,0.9818,True
2Wiki,gold_doc_count>=3,235,4,4,4.0,SetR-faithful - RankGPT-style sliding,EM,0.7659574468085106,0.8553191489361702,-0.08936170212765958,-0.14893617021276595,-0.029787234042553193,0.0007,True
2Wiki,gold_doc_count>=3,235,4,4,4.0,SetR-faithful - RankGPT-style sliding,F1,0.7711583924349882,0.8567375886524823,-0.08557919621749409,-0.1451536643026005,-0.026004728132387706,0.0014,True
2Wiki,gold_doc_count>=3,235,4,4,4.0,SetR-faithful - RankGPT-style sliding,R5_TITLE,0.7829787234042553,0.9053191489361702,-0.12234042553191489,-0.15,-0.09468085106382979,0.0,True
2Wiki,gold_doc_count>=3,235,4,4,4.0,DAEC-selective - SetR-faithful,EM,0.9148936170212766,0.7659574468085106,0.14893617021276595,0.09361702127659574,0.20851063829787234,1.0,True
2Wiki,gold_doc_count>=3,235,4,4,4.0,DAEC-selective - SetR-faithful,F1,0.9148970212765958,0.7711583924349882,0.14373862884160757,0.08794326241134752,0.1990612671394799,1.0,True
2Wiki,gold_doc_count>=3,235,4,4,4.0,DAEC-selective - SetR-faithful,R5_TITLE,0.9297872340425531,0.7829787234042553,0.14680851063829786,0.11702127659574468,0.17553191489361702,1.0,True
2Wiki,gold_doc_count>=4,235,4,4,4.0,DAEC-selective - RankGPT-style sliding,EM,0.9148936170212766,0.8553191489361702,0.059574468085106386,0.01702127659574468,0.10638297872340426,0.9951,True
2Wiki,gold_doc_count>=4,235,4,4,4.0,DAEC-selective - RankGPT-style sliding,F1,0.9148970212765958,0.8567375886524823,0.05815943262411347,0.015606241134751774,0.1049645390070922,0.9969,True
2Wiki,gold_doc_count>=4,235,4,4,4.0,DAEC-selective - RankGPT-style sliding,R5_TITLE,0.9297872340425531,0.9053191489361702,0.02446808510638298,0.002127659574468085,0.045744680851063826,0.9838,True
2Wiki,gold_doc_count>=4,235,4,4,4.0,SetR-faithful - RankGPT-style sliding,EM,0.7659574468085106,0.8553191489361702,-0.08936170212765958,-0.14893617021276595,-0.029787234042553193,0.0009,True
2Wiki,gold_doc_count>=4,235,4,4,4.0,SetR-faithful - RankGPT-style sliding,F1,0.7711583924349882,0.8567375886524823,-0.08557919621749409,-0.1451536643026005,-0.026004728132387706,0.0016,True
2Wiki,gold_doc_count>=4,235,4,4,4.0,SetR-faithful - RankGPT-style sliding,R5_TITLE,0.7829787234042553,0.9053191489361702,-0.12234042553191489,-0.15,-0.09468085106382979,0.0,True
2Wiki,gold_doc_count>=4,235,4,4,4.0,DAEC-selective - SetR-faithful,EM,0.9148936170212766,0.7659574468085106,0.14893617021276595,0.09361702127659574,0.20425531914893616,1.0,True
2Wiki,gold_doc_count>=4,235,4,4,4.0,DAEC-selective - SetR-faithful,F1,0.9148970212765958,0.7711583924349882,0.14373862884160757,0.0884160756501182,0.1995271867612293,1.0,True
2Wiki,gold_doc_count>=4,235,4,4,4.0,DAEC-selective - SetR-faithful,R5_TITLE,0.9297872340425531,0.7829787234042553,0.14680851063829786,0.11808510638297873,0.17553191489361702,1.0,True
HotpotQA,all,1000,2,2,2.0,DAEC-selective - RankGPT-style sliding,EM,0.62,0.566,0.054,0.032,0.076,1.0,True
HotpotQA,all,1000,2,2,2.0,DAEC-selective - RankGPT-style sliding,F1,0.7473044,0.6844810404765513,0.0628233595234487,0.04257548359879973,0.0835936094510864,1.0,True
HotpotQA,all,1000,2,2,2.0,DAEC-selective - RankGPT-style sliding,R5_TITLE,0.9625,0.8805,0.082,0.0675,0.0975,1.0,True
HotpotQA,all,1000,2,2,2.0,SetR-faithful - RankGPT-style sliding,EM,0.625,0.566,0.059,0.037,0.082,1.0,True
HotpotQA,all,1000,2,2,2.0,SetR-faithful - RankGPT-style sliding,F1,0.7434934946890055,0.6844810404765513,0.05901245421245421,0.03734409479409479,0.08080477453102453,1.0,True
HotpotQA,all,1000,2,2,2.0,SetR-faithful - RankGPT-style sliding,R5_TITLE,0.9245,0.8805,0.044,0.0275,0.061,1.0,True
HotpotQA,all,1000,2,2,2.0,DAEC-selective - SetR-faithful,EM,0.62,0.625,-0.005,-0.025,0.015,0.2856,False
HotpotQA,all,1000,2,2,2.0,DAEC-selective - SetR-faithful,F1,0.7473044,0.7434934946890055,0.003810905310994474,-0.014853025618323025,0.022536867063114037,0.6533,False
HotpotQA,all,1000,2,2,2.0,DAEC-selective - SetR-faithful,R5_TITLE,0.9625,0.9245,0.038,0.0255,0.0505,1.0,True
HotpotQA,gold_doc_count=2,1000,2,2,2.0,DAEC-selective - RankGPT-style sliding,EM,0.62,0.566,0.054,0.032,0.076,1.0,True
HotpotQA,gold_doc_count=2,1000,2,2,2.0,DAEC-selective - RankGPT-style sliding,F1,0.7473044,0.6844810404765513,0.0628233595234487,0.04281121238235621,0.08374745454427839,1.0,True
HotpotQA,gold_doc_count=2,1000,2,2,2.0,DAEC-selective - RankGPT-style sliding,R5_TITLE,0.9625,0.8805,0.082,0.067,0.097,1.0,True
HotpotQA,gold_doc_count=2,1000,2,2,2.0,SetR-faithful - RankGPT-style sliding,EM,0.625,0.566,0.059,0.037,0.082,1.0,True
HotpotQA,gold_doc_count=2,1000,2,2,2.0,SetR-faithful - RankGPT-style sliding,F1,0.7434934946890055,0.6844810404765513,0.05901245421245421,0.037888868492618494,0.08073791708291708,1.0,True
HotpotQA,gold_doc_count=2,1000,2,2,2.0,SetR-faithful - RankGPT-style sliding,R5_TITLE,0.9245,0.8805,0.044,0.0275,0.061,1.0,True
HotpotQA,gold_doc_count=2,1000,2,2,2.0,DAEC-selective - SetR-faithful,EM,0.62,0.625,-0.005,-0.025,0.015,0.3004,False
HotpotQA,gold_doc_count=2,1000,2,2,2.0,DAEC-selective - SetR-faithful,F1,0.7473044,0.7434934946890055,0.003810905310994474,-0.015015690789293268,0.022265939030998237,0.652,False
HotpotQA,gold_doc_count=2,1000,2,2,2.0,DAEC-selective - SetR-faithful,R5_TITLE,0.9625,0.9245,0.038,0.0255,0.0505,1.0,True
MuSiQue,all,1000,2,4,2.648,DAEC-selective - RankGPT-style sliding,EM,0.353,0.319,0.034,0.006,0.062,0.9901,True
MuSiQue,all,1000,2,4,2.648,DAEC-selective - RankGPT-style sliding,F1,0.45480810000000005,0.40930187867687867,0.045506221323121314,0.01811688408984806,0.07225935231288319,0.9992,True
MuSiQue,all,1000,2,4,2.648,DAEC-selective - RankGPT-style sliding,R5_TITLE,0.7745,0.6630833333333332,0.11141666666666666,0.09208333333333334,0.13083541666666662,1.0,True
MuSiQue,all,1000,2,4,2.648,SetR-faithful - RankGPT-style sliding,EM,0.344,0.319,0.025,-0.001,0.05,0.9702,False
MuSiQue,all,1000,2,4,2.648,SetR-faithful - RankGPT-style sliding,F1,0.44665059935764273,0.40930187867687867,0.03734872068076402,0.011445868945081407,0.0631553943543127,0.9976,True
MuSiQue,all,1000,2,4,2.648,SetR-faithful - RankGPT-style sliding,R5_TITLE,0.6909166666666667,0.6630833333333332,0.02783333333333333,0.00925,0.045166666666666674,0.9987,True
MuSiQue,all,1000,2,4,2.648,DAEC-selective - SetR-faithful,EM,0.353,0.344,0.009,-0.017,0.035,0.7327,False
MuSiQue,all,1000,2,4,2.648,DAEC-selective - SetR-faithful,F1,0.45480810000000005,0.44665059935764273,0.008157500642357299,-0.01849747198498268,0.03414171483365963,0.7338,False
MuSiQue,all,1000,2,4,2.648,DAEC-selective - SetR-faithful,R5_TITLE,0.7745,0.6909166666666667,0.08358333333333334,0.06641666666666667,0.10083333333333334,1.0,True
MuSiQue,gold_doc_count=2,518,2,2,2.0,DAEC-selective - RankGPT-style sliding,EM,0.44015444015444016,0.4111969111969112,0.02895752895752896,-0.009652509652509652,0.0694980694980695,0.9168,False
MuSiQue,gold_doc_count=2,518,2,2,2.0,DAEC-selective - RankGPT-style sliding,F1,0.5524675675675675,0.5081643153071724,0.04430325226039512,0.006353117980197812,0.08303365985340773,0.9877,True
MuSiQue,gold_doc_count=2,518,2,2,2.0,DAEC-selective - RankGPT-style sliding,R5_TITLE,0.8774131274131274,0.7741312741312741,0.10328185328185328,0.07528957528957529,0.13223938223938225,1.0,True
MuSiQue,gold_doc_count=2,518,2,2,2.0,SetR-faithful - RankGPT-style sliding,EM,0.44594594594594594,0.4111969111969112,0.03474903474903475,-0.0019305019305019305,0.07142857142857142,0.9667,False
MuSiQue,gold_doc_count=2,518,2,2,2.0,SetR-faithful - RankGPT-style sliding,F1,0.5544229475952165,0.5081643153071724,0.04625863228804405,0.00992928907844874,0.08277872599301171,0.9939,True
MuSiQue,gold_doc_count=2,518,2,2,2.0,SetR-faithful - RankGPT-style sliding,R5_TITLE,0.7982625482625483,0.7741312741312741,0.02413127413127413,-0.0028957528957528956,0.05019305019305019,0.9613,False
MuSiQue,gold_doc_count=2,518,2,2,2.0,DAEC-selective - SetR-faithful,EM,0.44015444015444016,0.44594594594594594,-0.005791505791505791,-0.04247104247104247,0.03088803088803089,0.3564,False
MuSiQue,gold_doc_count=2,518,2,2,2.0,DAEC-selective - SetR-faithful,F1,0.5524675675675675,0.5544229475952165,-0.0019553800276489344,-0.037843907984128566,0.03372184016771201,0.4537,False
MuSiQue,gold_doc_count=2,518,2,2,2.0,DAEC-selective - SetR-faithful,R5_TITLE,0.8774131274131274,0.7982625482625483,0.07915057915057915,0.05405405405405406,0.10424710424710425,1.0,True
MuSiQue,gold_doc_count>=3,482,3,4,3.3443983402489628,DAEC-selective - RankGPT-style sliding,EM,0.25933609958506226,0.21991701244813278,0.03941908713692946,0.0,0.08091286307053942,0.9703,False
MuSiQue,gold_doc_count>=3,482,3,4,3.3443983402489628,DAEC-selective - RankGPT-style sliding,F1,0.3498545643153527,0.3030555256177662,0.04679903869758641,0.008647139406812644,0.08629140650727786,0.9911,True
MuSiQue,gold_doc_count>=3,482,3,4,3.3443983402489628,DAEC-selective - RankGPT-style sliding,R5_TITLE,0.6639004149377593,0.5437413554633471,0.12015905947441217,0.0935338865836791,0.145746887966805,1.0,True
MuSiQue,gold_doc_count>=3,482,3,4,3.3443983402489628,SetR-faithful - RankGPT-style sliding,EM,0.23443983402489627,0.21991701244813278,0.014522821576763486,-0.02074688796680498,0.05186721991701245,0.7688,False
MuSiQue,gold_doc_count>=3,482,3,4,3.3443983402489628,SetR-faithful - RankGPT-style sliding,F1,0.3308288641147729,0.3030555256177662,0.02777333849700665,-0.008008015569830697,0.06513138887778785,0.934,False
MuSiQue,gold_doc_count>=3,482,3,4,3.3443983402489628,SetR-faithful - RankGPT-style sliding,R5_TITLE,0.5755532503457814,0.5437413554633471,0.0318118948824343,0.007780082987551868,0.05515214384508991,0.995,True
MuSiQue,gold_doc_count>=3,482,3,4,3.3443983402489628,DAEC-selective - SetR-faithful,EM,0.25933609958506226,0.23443983402489627,0.024896265560165973,-0.012448132780082987,0.06431535269709543,0.8834,False
MuSiQue,gold_doc_count>=3,482,3,4,3.3443983402489628,DAEC-selective - SetR-faithful,F1,0.3498545643153527,0.3308288641147729,0.019025700200579764,-0.019972027830386724,0.05807202116463349,0.8284,False
MuSiQue,gold_doc_count>=3,482,3,4,3.3443983402489628,DAEC-selective - SetR-faithful,R5_TITLE,0.6639004149377593,0.5755532503457814,0.08834716459197788,0.06466113416320886,0.11238329875518666,1.0,True
MuSiQue,gold_doc_count=3,316,3,3,3.0,DAEC-selective - RankGPT-style sliding,EM,0.30063291139240506,0.2563291139240506,0.04430379746835443,-0.00949367088607595,0.0981012658227848,0.9459,False
MuSiQue,gold_doc_count=3,316,3,3,3.0,DAEC-selective - RankGPT-style sliding,F1,0.38889082278481013,0.34150512813487494,0.04738569464993515,-0.002884594007434191,0.09857865232341498,0.9669,False
MuSiQue,gold_doc_count=3,316,3,3,3.0,DAEC-selective - RankGPT-style sliding,R5_TITLE,0.7468354430379747,0.6118143459915611,0.13502109704641352,0.10337552742616032,0.16772151898734178,1.0,True
MuSiQue,gold_doc_count=3,316,3,3,3.0,SetR-faithful - RankGPT-style sliding,EM,0.26582278481012656,0.2563291139240506,0.00949367088607595,-0.0379746835443038,0.056962025316455694,0.6264,False
MuSiQue,gold_doc_count=3,316,3,3,3.0,SetR-faithful - RankGPT-style sliding,F1,0.36979830933567653,0.34150512813487494,0.02829318120080161,-0.018799195144413527,0.07393279101280752,0.8829,False
MuSiQue,gold_doc_count=3,316,3,3,3.0,SetR-faithful - RankGPT-style sliding,R5_TITLE,0.6318565400843883,0.6118143459915611,0.020042194092827,-0.009493670886075951,0.048523206751054856,0.9089,False
MuSiQue,gold_doc_count=3,316,3,3,3.0,DAEC-selective - SetR-faithful,EM,0.30063291139240506,0.26582278481012656,0.03481012658227848,-0.012658227848101266,0.08227848101265822,0.9153,False
MuSiQue,gold_doc_count=3,316,3,3,3.0,DAEC-selective - SetR-faithful,F1,0.38889082278481013,0.36979830933567653,0.019092513449133545,-0.028558388549648952,0.06682735418367718,0.7852,False
MuSiQue,gold_doc_count=3,316,3,3,3.0,DAEC-selective - SetR-faithful,R5_TITLE,0.7468354430379747,0.6318565400843883,0.11497890295358648,0.08438818565400845,0.14451476793248946,1.0,True
MuSiQue,gold_doc_count>=4,166,4,4,4.0,DAEC-selective - RankGPT-style sliding,EM,0.18072289156626506,0.15060240963855423,0.030120481927710843,-0.030120481927710843,0.09036144578313253,0.7991,False
MuSiQue,gold_doc_count>=4,166,4,4,4.0,DAEC-selective - RankGPT-style sliding,F1,0.275544578313253,0.22986230636833047,0.045682271944922546,-0.016493187033849683,0.10759852696500276,0.9272,False
MuSiQue,gold_doc_count>=4,166,4,4,4.0,DAEC-selective - RankGPT-style sliding,R5_TITLE,0.5060240963855421,0.4141566265060241,0.09186746987951808,0.04819277108433735,0.13403614457831325,1.0,True
MuSiQue,gold_doc_count>=4,166,4,4,4.0,SetR-faithful - RankGPT-style sliding,EM,0.1746987951807229,0.15060240963855423,0.024096385542168676,-0.03614457831325301,0.08433734939759036,0.7699,False
MuSiQue,gold_doc_count>=4,166,4,4,4.0,SetR-faithful - RankGPT-style sliding,F1,0.25664606477859486,0.22986230636833047,0.026783758410264435,-0.03190450112136859,0.08581136233244666,0.8115,False
MuSiQue,gold_doc_count>=4,166,4,4,4.0,SetR-faithful - RankGPT-style sliding,R5_TITLE,0.4683734939759036,0.4141566265060241,0.05421686746987952,0.015060240963855422,0.09337349397590361,0.9966,True
MuSiQue,gold_doc_count>=4,166,4,4,4.0,DAEC-selective - SetR-faithful,EM,0.18072289156626506,0.1746987951807229,0.006024096385542169,-0.060240963855421686,0.07228915662650602,0.5343,False
MuSiQue,gold_doc_count>=4,166,4,4,4.0,DAEC-selective - SetR-faithful,F1,0.275544578313253,0.25664606477859486,0.01889851353465811,-0.046717906365722636,0.08510227148855155,0.7209,False
MuSiQue,gold_doc_count>=4,166,4,4,4.0,DAEC-selective - SetR-faithful,R5_TITLE,0.5060240963855421,0.4683734939759036,0.03765060240963856,0.0015060240963855422,0.07379518072289157,0.9763,True
